authorId,name,url
153842238,C. Suárez,
147628219,M. Villarreal,
134288768,L. Castelblanco,
134908517,Zachary R. Trail,
3795806,M. Scordino,
13096698,F. Lazzaro,
40257059,Marco A. Borzì,
3551668,L. Sabatino,
5212918,P. Traulo,
48362658,G. Gagliano,
31336833,Phat Tan Lam,
34308839,Tan Quang Le,
34731773,N. N. Le,
31084553,D. Nguyen,
2393465488,Wenwei Yang,
36359718,Qingzhao Kong,
143695596,S. Ho,
145353863,Y. Mo,
1815327,G. Song,
70075896,B. Trisakti,
69961584,A. Julzarika,
107955168,U. C. Nugroho,
2082567713,D. Yudhatama,
108032359,Yudi Lasmana,
151234435,Tenezaca Medina,
120177438,J. Alfredo,
41031283,D. Cillis,
1895493968,Allen P. Deutz,
5445035,D. Kolady,
2055550072,Xiaobo Min,
2066342035,Weihong Kuang,
50347052,P. Kelly,
2120560,M. Vanni,
7827289,W. Renwick,
133717668,Beatriz Nathalia Serrato Panqueba,
2069252475,C. C. Medina,
7684334,K. Shruthi,
69475447,G. Hiremath,
104509700,Amrutha T. Joshi,
2118183861,Xu Chen,
2113756611,Qian Shi,
2118929101,Lei Yang,
2145754023,Jie Xu,
1767076,P. Nie,
3099401,T. Dong,
87689783,Yong He,
29944578,Shupei Xiao,
38287158,Emma B Garrison,
7994592,Jonathan Dropkin,
2099337800,Rebecca Russell,
10844982,P. Jenkins,
97245635,Betsy Kenaston,
100937987,Christopher Crockett,
2487160,Xingye Zhu,
101758261,P. Chikangaise,
2154041359,Weidong Shi,
31165511,Wen‐Hua Chen,
145403753,S. Yuan,
97674504,M. W. Andure,
145055919,J. Serrano,
5045178,S. Shahidian,
2111422313,José Marques da Silva,
48075649,M. Carvalho,
2895826,J. Behmann,
15968102,Kelvin Acebron,
23621237,D. Emin,
1811955,Simon Bennertz,
6733913,S. Matsubara,
2109772772,Stefan Thomas,
2050188528,David Bohnenkamp,
7022516,M. Kuska,
46619573,J. Jussila,
2077016336,Harri Salo,
2470933,Anne-Katrin Mahlein,
2852289,U. Rascher,
3019830,G. Reina,
2404392,Rocco Galati,
2024268,A. Milella,
1397207814,F. Dell’acqua,
1885445,G. Iannelli,
121199394,Marco A. Torres,
40587128,M. Martina,
90061445,S. Mahmood,
34935924,A. Murdoch,
30054192,R. Dargahi,
6437079,H. Ebrahimzadeh,
145654281,R. Alizadeh,
1478882754,H. Nguyen,
2384980,C. Nansen,
4652214,Sukhvir Kaur,
3136973,Shreelekha Pandey,
48820816,S. Goel,
29777554,M. Vuran,
37785838,Abdul Salam,
30717447,Rigoberto Wong,
2684806,S. Irmak,
1410662668,S. S.ponde,
48422980,S. Lomte,
50427088,D. Houghton,
35606539,Constance M. Brandin,
2065627343,L. Reynolds,
116345880,Lindsey L. Elzinga,
2258435723,Zhihong Zhang,
2259952247,Xiaoyang Wang,
2258463148,Qinghui Lai,
2259890434,Zhaoguo Zhang,
2048730916,Fei Zhang,
2108160550,Xiaoping Wang,
9659307,Hsiang-te Kung,
13312329,V. Johnson,
2234961,P. Šolić,
2271257083,Luigi Patrono,
2271274631,Katarina Vukojevic,
2393122422,Mario Cvetković,
34894591,A. Sciarretta,
4227305,P. Trematerra,
89741699,B. Havrland,
70441179,M. Kavka,
2071081084,M. Růžička,
71227174,H. Yang,
145421673,M. Pineda,
1400932229,M. Pérez-Bueno,
48825003,M. Barón,
2579149,R. Fletcher,
143869811,K. N. Reddy,
148312897,V. Priya,
144474779,D. Ramyachitra,
90728501,G. A. Shitu,
79465340,M. S. Nain,
2144759906,Rashmi Singh,
2334187558,Измайлов А.Ю.,
2334174885,Годжаев З.А.,
2330208073,Сычев В.Г.,
2334062359,Афанасьев Р.А.,
1809322,K. Drira,
2334095586,Черноусько Ф.Л.,
2334109257,Ермолов И.Л.,
35273517,Igor Zecevic,
2271155,Petar Bjeljac,
2249729,B. Perišić,
3077757,S. Stankovski,
9765160,D. Venus,
46652444,G. Ostojić,
2747685,Yousef E. M. Hamouda,
50608166,Jun Jiao,
2056923580,Yan Qiao,
2870807,Wenzhou Wang,
153124867,L. Gu,
47366436,Herman Sahota,
1909719357,Ratnesh Kumar,
120438377,Sunil Kumar,
145824131,A. Panwar,
145435134,R. Naresh,
2109206057,P. Singh,
32350227,N. C. Mahajan,
2094559893,Udita Chowdhary,
2110208856,Sudhir Kumar,
1571405032,M. Malik,
1663949842,A. Meena,
1665815248,PC Ghashal,
46730204,L. Meena,
1665601327,Jairam Chowdhary,
40464080,A. Marosi,
1845908624,Attila Farkas,
144752083,R. Lovas,
145287272,Qing Wen,
2108020828,Yapeng Wang,
2315242124,Haodong Zhang,
1700892,Z. Li,
31125328,Priyank Pradeep,
32828818,Sang Gyun Park,
47093588,Peng Wei,
144534777,L. Henry,
34993365,I. Herrmann,
40910303,S. Vosberg,
38140999,Prabu Ravindran,
47264339,Aditya Singh,
2218560679,Hao-Xun Chang,
8188205,M. Chilvers,
39916985,S. Conley,
35146915,P. Townsend,
145446497,S. Giordano,
9030560,I. Seitanidis,
144371093,M. Ojo,
1761470,D. Adami,
2083928318,Fabio Vignoli,
49678252,Muhammad Jaleed Khan,
2311491199,Hamid Saeed Khan,
10747984,Adeel Yousaf,
1823831,K. Khurshid,
46851723,Asad Abbas,
2157209672,Ping Zhang,
144610899,Lihong Xu,
144824659,Zohaib Khan,
1438316347,V. Rahimi-Eichi,
4638055,S. Haefele,
3673061,Trevor Garnett,
1922308,S. Miklavcic,
13891905,Shizhuang Weng,
144752581,F. Wang,
11001842,Ronglu Dong,
39014930,Mengqing Qiu,
46509021,Jinling Zhao,
2070741,Linsheng Huang,
47845039,Dongyan Zhang,
2166592,G. Morota,
33322605,R. Ventura,
2820472,F. F. Silva,
2059593818,M. Koyama,
2081356872,C. Samodha,
2075207680,Fernando,
2116612202,Yu Li,
35987574,Meiyu Qian,
35822510,Pengfeng Liu,
2054915962,Qian Cai,
2108750627,Xiaoying Li,
2117223896,Junwen Guo,
2116757280,Huan Yan,
2041127060,Fengyuan Yu,
2057748450,Kun Yuan,
2117885034,Juan Yu,
27023513,Luman Qin,
2135910998,Hongxing Liu,
2110050951,Wanqi Wu,
40801082,Peiyun Xiao,
2112253354,Ziwei Zhou,
1576226877,E. Asare,
50753357,E. Segarra,
4831227,H. Budzinski,
4390479,M. Couderchet,
1702321,A. Colantoni,
1689971,D. Monarca,
90660111,V. Laurendi,
11290896,Mauro Villarini,
87707712,F. Gambella,
3332010,M. Cecchini,
2123220,C. G. Schütz,
27066656,Simon Schausberger,
1723099,M. Schrefl,
38036973,A. Habib,
2267328824,Tian Zhou,
89582257,A. Masjedi,
2118748587,Zhou Zhang,
41018495,John Evan Flatt,
15760889,M. Crawford,
34662664,G. Corrado,
144828339,R. Rao,
1398294938,I. García-Magariño,
6922892,R. Lacuesta,
144484046,Jaime Lloret,
52055467,M. Kantor,
143927975,A. Levi,
2678389,R. Bramley,
90475601,J. Ouzman,
89413894,D. Gobbett,
90190561,Qiaoyun Xie,
145291610,J. Dash,
1739594,Wenjiang Huang,
1793603,D. Peng,
40286908,Q. Qin,
37951037,H. Mortimer,
4600514,R. Casa,
2756871,S. Pignatti,
3070715,G. Laneve,
2442601,S. Pascucci,
1710615,Yingying Dong,
3146040,H. Ye,
2237589259,Biqing Li,
2349798232,Yongfa Ling,
2056454547,Miao Tian,
20479308,Shiyong Zheng,
2132295849,A. Meshram,
51187926,Kala H S,
51183853,R. Hebbar,
51200687,A. S,
2112918495,A. R,
51200922,Amith R Patil,
115339421,D. Kamble,
2065864586,P. V. Vinod,
2401743553,Shulin Yang,
3302827,Xiaobing Yang,
2066644262,Jianyou Mo,
1764301,A. Kamilaris,
1398263014,F. Prenafeta-Boldú,
46558757,K. György,
2075583150,Ibolya Lámfalusi,
47752731,A. Molnár,
88219695,D. Sulyok,
22921898,M. Gaál,
47574729,Z. Horváth,
100641510,Csaba Domán,
2057522600,Ivett Illés,
48095725,A. Kiss,
2060450981,K. Péter,
123511242,G. Kemény,
2113636499,Hui Wang,
153276857,F. Wellmann,
92171003,M. Kanig,
70806063,C. Hebel,
30932304,J. Kruk,
1414520686,Jorge Granda-Cantuña,
1414583154,Carlos Molina-Colcha,
1411089189,Sergio-Enrique Hidalgo-Lupera,
1414702957,Christian-David Valarezo-Varela,
147859429,P. Paridad,
2090656919,Luciana Giuzio,
103746487,S. D. Sasso,
48371938,M. Fiorentino,
2503277,S. Manfreda,
2052927458,J. Ford,
4326554,M. Hassanein,
145795755,Z. Lari,
70219005,N. El-Sheimy,
22230396,Zhaodi Wang,
14425187,Menghan Hu,
144826390,Guangtao Zhai,
82677818,M. Pawar,
9140022,Geetha R. Chillarge,
3008023,B. Ortuani,
2690635,G. Sona,
1382695760,Giulia Ronchetti,
3180942,A. Facchi,
73036662,P. Suvithavani,
66521395,S. Rathi,
47490088,M. Kambouris,
16010216,Y. Manoussopoulos,
10355121,S. Kritikou,
40813671,Aphroditi Milioni,
2337434199,Spyridon Mantzoukas,
6323511,A. Velegraki,
1398994076,Daniela D’Auria,
1721021,Fabio Persia,
2140016461,R.O. Sobayo,
2234713,Hsiang-Huang Wu,
153834483,Ram Lakhan Ray,
145918251,Lijun Qian,
152907292,Iuri R. Souza,
2209079,M. Escarpinati,
1995500,D. Abdala,
2288257,S. Das,
48967665,I. Saha,
2143395388,H. C. Oliveira,
9370721,V. Guizilini,
50875010,Israel P. Nunes,
2095013870,Jefferson R. Souza,
143801464,C. Camino,
1402203033,P. Zarco-Tejada,
1398285553,V. González-Dugo,
2252019525,Bradley J. White,
3483247,D. Amrine,
2251977328,Robert L. Larson,
152316445,A. Molnár,
2061148741,A. Kiss,
121758692,Ivett Illés,
103698539,Ibolya Lámfalusi,
120384485,Carlos H O Lima,
144543691,R. Sarmento,
153763920,Tarcísio V. S. Galdino,
12088059,P. S. Pereira,
2111054414,Joedna Silva,
8610686,D. J. Souza,
2111743629,Gil R. Santos,
48360475,T. L. Costa,
6471578,M. Picanço,
46947026,Zhijun Li,
1679043,T. He,
48727796,Radhika Ravi,
9691810,Yun-Jou Lin,
41017066,Magdy Elbahnasawy,
12928439,Tamer Shamseldin,
1883510,A. Habib,
113509937,Fundação de Tecnologia Industrial Ft,
9035672,Hazim Shakhatreh,
9196469,Ahmad H. Sawalmeh,
1404786833,Ala I. Al-Fuqaha,
144332856,Zuochao Dou,
30873626,Eyad K. Almaita,
1783739,Issa M. Khalil,
25577543,Noor Shamsiah Othman,
1750196,Abdallah Khreishah,
145837053,M. Guizani,
46594718,Amarendra Goap,
2118803751,Deepak Sharma,
2080179405,A. K. Shukla,
2238452454,C. R. Krishna,
34526438,P. Tripodi,
48134783,D. Massa,
48058743,A. Venezia,
3110341,T. Cardi,
2819896,Carlos Cambra Baseca,
1718316,S. Sendra,
2053096252,Ricardo Reis,
144907742,Jorge Mendes,
40383247,F. Santos,
46535796,Raul Morais,
37417563,Nuno Ferraz,
153423509,L. Santos,
145320964,A. Sousa,
90297904,A. Yadav,
47326101,D. Srivastava,
9303720,Xiangyi Xu,
123106705,Weijian Chen,
48665441,Guangming Zhao,
2110453467,Yihang Li,
2158095795,Chenyang Lu,
1761224,Lan Yang,
2329285344,E. Murali,
93379385,V. Gopi,
144279507,V. Karthik,
1414758449,.. M.Malli,
2286923261,Dr. S Sathish Kumar,
79993471,S. Botha,
9085865,Darelle van Greunen,
33802033,P. Downs,
13914444,Scott R. Dusterhoff,
33787392,G. Leverich,
2026325,P. Soar,
2159903200,Michael B. Napolitano,
52223895,T. A. Ali,
52228716,Viraj Choksi,
2286965038,Dr. M B Potdar,
2949461,O. Yuzugullu,
2953237,E. Erten,
153836758,Z. M. Sahin,
3320229,I. Hajnsek,
51289359,Yeison Andres Urrea,
27802035,Fulvio Yesid Vivas,
2098247373,Oscar M. Caicedo,
2157358533,J. Yang,
73431217,Meng-xia Gu,
52189452,Manishkumar Dholu,
1397286173,K. Ghodinde,
2066204229,Khalid Salah,
9203064,Xiaoqi Chen,
2173139,K. Neshatian,
1739406,C. Pretty,
48740833,K. Jedlička,
2289002,K. Charvát,
2004352584,Gabriel Gaál,
2142875043,T. A. D. Da Silva,
41023008,Vladimir Gaal,
41018064,R. C. Hensel,
6817917,L. R. Amaral,
46903596,V. Rodrigues,
50752851,A. Riul,
29009240,Amanda Ramcharan,
49466998,Peter McCloskey,
2064837181,Kelsee Baranowski,
46241906,N. Mbilinyi,
46211060,Latifa Mrisho,
13260913,Mathias Ndalahwa,
4118885,J. Legg,
2068146094,David P. Hughes,
2027868326,Sebastian Rudolph,
38905213,B. Marchant,
1808347,L. Weihermüller,
1783504,H. Vereecken,
32066369,Stanton L. Martin,
2055859442,T. George,
39433414,S. Basu,
67289905,Adekemi Omotubora,
65745573,M. Beeson,
2053944696,Charles Fox,
3408636,Z. Bian,
38745999,Biao Cao,
2127040466,Hua Li,
3199465,Yongming Du,
40586344,Huaguo Huang,
144280815,Q. Xiao,
2109312657,Qinhuo Liu,
114619025,رضا براتی رشوانلو,
2099694587,مهدی فرزادکیا,
97551257,محمد ماروسی,
32399736,T. Bae,
50619717,Minho Kim,
40898131,Martina Mammarella,
34692184,E. Capello,
144260020,Rahim Khan,
2096342291,Ihsan Ali,
19270859,Muhammad Zakarya,
2110093615,Mushtaq Ahmad,
2113544439,Muhammad Imran,
144815269,Muhammad Shoaib,
5841926,Kranthi Varala,
1401588496,Amy Marshall-Colón,
50701878,Jacopo Cirrone,
40041668,Matthew Dakota Brooks,
41132025,Angelo V. Pasquino,
6688406,S. Léran,
5129436,Shipra Mittal,
47500008,Tara M. Rock,
34522976,Molly B Edwards,
46814411,Grace J. Kim,
5261795,Sandrine Ruffel,
1924135577,W. Mccombie,
1695878,D. Shasha,
40021407,G. Coruzzi,
13433274,E. Sukhova,
2679368,V. Sukhov,
48165910,Avishai Karny,
150036858,Assaf Zinger,
8674953,Ashima Kajal,
1402464137,Janna Shainsky‐Roitman,
2809291,Avi Schroeder,
89668649,T. Tamirat,
40225007,S. M. Pedersen,
48375399,K. Lind,
2071239986,Richard Charles Andrew,
2798354,R. Malekian,
3145295,D. C. Bogatinoska,
51295084,M. Aboutalebi,
1401923045,Alfonso F. Torres-Rua,
38543517,M. McKee,
1801018,W. Kustas,
145769781,H. Nieto,
2277817,C. Coopmans,
119624427,Mce Grafton,
91711270,I. Yule,
145492581,M. Manning,
8286742,M. S. Thilakarathna,
39463182,M. Raizada,
46192905,C. Finkenbiner,
79615655,T. Franz,
145239836,Justin Gibson,
4680655,D. Heeren,
32154996,J. Luck,
2078956182,A. V. Koshkarov,
2109429957,Hsiuhan Lexie Yang,
40369622,Jiangye Yuan,
2190549,D. Lunga,
51224901,M. Laverdiere,
32289074,A. Rose,
2474060,B. Bhaduri,
2118455207,Jiaxin Zheng,
50741247,Wencai Yang,
40627883,F. F. Pastor,
1777566,J. Chamizo,
1398356762,M. Nieto-Hidalgo,
2098761512,José Mora-Martínez,
46469323,D. Pagliari,
2286023677,Gambella F,
2298626,D. K. Sreekantha,
2351556159,Qusay F. Hassan,
144700340,M. D. Bah,
1822411,A. Hafiane,
34775571,R. Canals,
3043492,Marek Kulbacki,
2554241,J. Segen,
51919722,Wojciech Kniec,
1747826,R. Klempous,
3360806,Konrad Kluwak,
1703285,J. Nikodem,
3390638,J. Kulbacka,
46828136,Andrea Serester,
46250397,Jana Huchtkoetter,
145147353,Andreas Reinhardt,
1756400,U. Kulau,
2068286758,Tian Luo,
2115459337,Yue Dong,
48798816,Shujuan He,
2143850560,Jing Yang,
50776675,Yuming Dong,
31061003,R. Curpen,
144525454,T. Balan,
82209882,Ioan Alexandru Micloş,
82762875,Ionut Comănici,
50460444,Karim Fathallah,
48813909,Mohamed Amine Abid,
1389324388,N. Hadj-Alouane,
1679246,A. Mancini,
1721130,E. Frontoni,
1695800,P. Zingaretti,
48985294,Minghua Zhang,
2243468203,Zaiman Wang,
2472830,Xiwen Luo,
49253468,Ying Zang,
2025480309,Yang Wenwu,
103961567,Xingang He,
2248588498,Baolong Wang,
2246113119,Yizheng Dai,
9160084,Emilian Vlasceanu,
144752161,D. Popescu,
1758132,L. Ichim,
23542408,Georgios Kountios,
3108805,A. Ragkos,
2808886,T. Bournaris,
23589430,G. Papadavid,
2025627,A. Michailidis,
30996038,A. M. D. Oca,
121721410,L. Arreola,
144052709,A. Flores,
2210364444,J. Sanchez,
2286141318,Gerardo Flores,
51927678,Prachin Jain,
34610600,Sanat Sarangi,
144642041,Prakruti V. Bhatt,
2389407637,Srinivasu Pappula,
1849511,Petra Bosilj,
1793716,T. Duckett,
2763480,Grzegorz Cielniak,
2057115357,K. Aparna,
144885217,P. Supriya,
46221966,Zhaoyu Zhai,
1402134750,José-Fernán Martínez-Ortega,
36682402,Néstor Lucas Martínez,
1401619425,Jesús Rodríguez-Molina,
114605005,Andre Temprilho,
144081771,Luís Nóbrega,
1718252,P. Pedreiras,
145493545,Pedro Gonçalves,
2110832365,Sergio Silva,
1399074460,J. I. Vasquez-Gomez,
1403834299,J. Herrera-Lozada,
1403977304,M. Olguín-Carbajal,
7784073,Alka Singhal,
82910660,R. Kohli,
83123514,Cheshta Dhamija,
2305460138,Nishant Singh,
2538810,F. Liebisch,
25335448,S. Bhandari,
40391090,A. Raheja,
51247390,M. Chaichi,
49414107,R. Green,
2061058135,Dat Do,
49903720,Frank Pham,
51249450,M. Ansari,
2069457581,Joseph Wolf,
49784895,Tristan Sherman,
51238422,Antonio Espinas,
1969406,C. Kamienski,
1792386,J. Soininen,
3233791,Markus Taumberger,
145687175,S. Fernandes,
12160822,A. Toscano,
2883114,T. S. Cinotti,
3196763,R. Maia,
2082383776,A. T. Neto,
52041783,M. Luculescu,
2285447697,Luciana Cristea,
31220114,S. Zamfira,
40601754,A. L. Boer,
15289384,Gaëlle Daniele,
4547754,F. Lafay,
40612250,C. Pelosi,
1897363,C. Fritsch,
4023859,E. Vulliet,
3064309,J. Treboux,
1722226,D. Genoud,
46670194,Angelina G. Perrotti,
2387564017,Eline van Asperen,
2373886,A. Bannari,
46812094,Yannick Lanthier,
3364814,Supattra Puttinaovarat,
3343817,Paramate Horkaew,
88916698,Brittani Edge,
2487796,Margarita Velandia,
39921694,C. Boyer,
144573952,J. Larson,
20883446,D. Lambert,
36533476,R. Roberts,
2070626183,Bradley Wilson,
3366511,M. Buschermohle,
4281393,B. English,
2506061,R. Rejesus,
5600575,L. Falconer,
51236939,Maoling Yan,
3078878,Pingzeng Liu,
2052575318,Fujiang Wen,
145657506,Chao Zhang,
145638785,Rui Zhao,
2109955565,Weijie Chen,
2151060186,Xuefei Liu,
2006403886,Yuqi Liu,
3414541,Philipp Lottes,
3350812,Jens Behley,
26351048,Andres Milioto,
1722062,C. Stachniss,
51165379,F. Rodrigues,
3381293,Gerald Blasch,
2233371,P. Defourny,
1401384896,J. I. Ortiz-Monasterio,
86904928,U. Schulthess,
143642265,J. Taylor,
2542704,B. Gérard,
2546046,M. L. Rilwani,
1867031,I. Ikhuoria,
145802803,M. D. Gomez,
6425479,A. Goijman,
6392236,J. Coda,
88838374,V. Serafini,
86916684,J. Priotto,
2358654,Bo-Jun Liu,
2109937236,Maneesh Kumar,
1492041928,A. Rai,
2004652098,Preeti Singh,
122424836,N. Singh,
15313344,E. Polledri,
88647365,R. Mercadante,
6092775,S. Fustinoni,
25884999,Nived Chebrolu,
2228395,T. Läbe,
1405113747,Franks González-Landero,
2487386,E. Kayacan,
152781025,Zhong-Zhong Zhang,
1733356,Girish V. Chowdhary,
51230388,Haneen Shehadeh,
46663067,W. Mardini,
1724614,M. B. Yassein,
51230681,Doaa Habeeb Allah,
51227765,Waed Bani Yaseen,
145357985,V. M. Ngo,
1388632905,Nhien-An Le-Khac,
144549246,Mohand Tahar Kechadi,
2136076,A. Marçal,
2286761722,Ph. D Mr. I. Gobi,
2286478278,Dr. D Research Scholar,
2286761720,Professor Vimal Kumar,
40351823,R. Fernández,
144745089,H. Montes,
1908488,J. Surdilovic,
1411269076,Dragojlub Surdilovic,
1403763403,P. González-De-Santos,
2289532,M. Armada,
51304231,Sierra N. Young,
2751064,J. Peschel,
100588660,С. О. Крамаров,
79051212,Сергей Викторович Соколов,
2095672127,Евгений Николаевич Тищенко,
150372844,Ольга Ивановна Соколова,
12742150,M. Coombes,
2107994836,Cunjia Liu,
52449437,C. Meng,
2151302304,Guangyu Li,
2152478524,Feng Xu,
2146361450,Jianfei Li,
2112912016,Tao Hu,
2065702602,Kun Qi,
11979536,Yi’na Hu,
51141565,Olavo J. Luiz,
51139501,V. Weber,
2772554,M. Cagnin,
2072353393,S. R. Medeiros,
2055492464,Rodrigo da Costa Gomes,
14796903,L. C. Souza,
1778647,D. M. B. Paiva,
1403782342,J. González-Piqueras,
153452072,S. Sánchez,
51167685,J. Villodre,
83253405,H. López,
9703385,A. Calera,
1403901633,D. Hernández-López,
145775436,J. M. Sánchez,
51929702,J. E. Flatt,
3060532,E. Dai,
31898864,Aravind Venkitasubramony,
1708044,A. Gasiewski,
1936127,M. Stachura,
48792222,Jack Elston,
3409018,Gaofei Yin,
2979534,Ainong Li,
3305011,A. Maurya,
2108468226,Dharmendra Singh,
153866018,K. Singh,
30117692,Truong Thu Huong,
30866714,Nguyen Huu Thanh,
2070553189,Nguyen Thi Van,
2305723881,Nguyen Tien Dat,
26633278,N. Long,
2054944480,Alan Marshall,
3220126,B. C. Santos,
3345035,C. Nobre,
1734430,Luis E. Zárate,
22361366,A. Aizebeokhai,
1753506519,U. Okenwa,
22379386,K. Oyeyemi,
39120566,O. T. Kayode,
100690871,G. Adeyemi,
33019056,É. Leão,
151456702,Vitor Vasconcelos,
144045118,P. Portugal,
1798678,C. Montez,
145146722,R. Moraes,
143919790,Gülsen Taskin Kaya,
1398132137,J. Lopez-Sanchez,
2144904956,Chang-An Liu,
46842442,Zhongxin Chen,
3480163,Pengyu Hao,
50754228,Kun Li,
2108386297,Xiaochen Wang,
9195524,Jun En Low,
143997196,Luke Thura Soe Win,
2108471065,Jiong Le Lee,
1719944,G. Soh,
144063720,S. Foong,
84350015,K. Das,
145473890,Jitendra Singh,
1771491,J. Hazra,
1694760,S. Kalyanaraman,
2155660206,Jun Zhang,
9271737,Hilton Tnunay,
48585822,Chunyan Wang,
143628257,X. Lyu,
1813929,Z. Ding,
8766989,S. B. Sulistyo,
2118290611,Di Wu,
1809986,W. L. Woo,
34614805,S. Dlay,
143701487,Bin Gao,
46255596,Ali Ahmad,
1921908,R. Guyonneau,
2083742383,F. Mercier,
92986767,É. Belin,
2288929,W. Winterhalter,
2601599,F. Fleckenstein,
2573148,C. Dornhege,
2106871731,Wolfram Burgard,
2113256397,Sean Mitchell,
52473377,A. Weersink,
96176899,B. Erickson,
1859364,Sándor Ács,
11815194,J. Kovács,
51055821,Ádám Szalóki,
1835984,B. Kádár,
2444830,Shahabuddin Muhammad,
20586096,Nazeeruddin Mohammad,
1423434950,A. Bashar,
2110261903,M. Khan,
9669918,R. Näsi,
3486632,N. Viljanen,
2643243,J. Kaivosoja,
51166043,K. Alhonoja,
35682469,T. Hakala,
9653495,L. Markelin,
3014621,E. Honkavaara,
51206770,Symphorien Karl Yoki Donzia,
33786068,Haeng-Kon Kim,
3149535,H. Hwang,
2632787,Manlio Bacco,
145499433,A. Berton,
144875926,A. Gotta,
1728002,L. Caviglione,
145936882,F. Cassel,
2109852790,Shankar Sharma,
2150597522,Li Song,
145121119,Jin Wang,
2337868280,Quan Gao,
4230667,Xiaojian Ma,
2108953630,Yuwei Wang,
2118392604,Y. Zhang,
5432134,Hang Xun,
144246686,Xi Yao,
144302687,F. Tang,
2630812,M. Poggio,
144550913,P. Roudier,
47167758,M. Blaschek,
144540538,C. Hedley,
15000440,A. McCloskey,
98093387,A. Farooque,
115542648,Melanie Bos,
49143558,F. Abbas,
1403123689,C. Chan-Halbrendt,
144442843,B. Sipes,
12020126,Yaqian Ma,
2152970770,Menghan Liu,
2069451374,Ting Tan,
11243921,Aiping Yan,
46846015,Lan Guo,
2052123380,Kun Jiang,
65856315,Changheng Tan,
39553427,Yiqun Wan,
7712493,S. Aglawe,
6016152,Kalyani M. Barbadikar,
4161641,S. Mangrauthia,
2888591,M. Madhav,
121751523,M. S. Garrido,
151394107,M. C. de Lacy,
143797103,M. Ramos,
2037373385,M. J. Borque,
151138980,M. Susi,
40109500,K. Dijkstra,
41221290,J. V. D. Loosdrecht,
1799278,Lambert Schomaker,
32239759,M. Wiering,
81225546,Esra Seyran,
49746795,W. Craig,
122293629,S. Dash,
1867220,Inkyu Sa,
47734311,Marija Popovic,
39937174,R. Khanna,
2784591,Zetao Chen,
144147879,Juan I. Nieto,
1720483,R. Siegwart,
6971378,N. K. Kalagatur,
51113105,J. R. Kamasani,
4575790,C. Siddaiah,
2110651217,V. Gupta,
2064968334,K. Krishna,
6867047,Venkataramana Mudili,
47323015,Patrick A. Plonski,
1698835,Volkan Isler,
120809696,Jinran Liu,
2158501072,Pengfei Chen,
50180828,Xingang Xu,
52019679,Nik Hisham Nik Ibrahim,
144915244,Ahmad Rizan Ibrahim,
40170162,I. Mat,
37345377,A. N. Harun,
48157724,G. Witjaksono,
143701631,Wen Dong,
3106487,Tianjun Wu,
46676395,Yingwei Sun,
1762091,Jiancheng Luo,
31344236,R. K. Math,
1794853,Dr. Nagaraj V. Dharwadkar,
2124850903,Shuo Li,
2110248918,Zhou Lu,
2114646174,Ming Luo,
2145012598,Yulin Jiang,
96879869,Tong Han,
33859582,Q. Chu,
144473234,Fu Chen,
143776192,P. Hernández,
2394465668,Josefina C. Sillero,
2107961522,Yongsheng Wang,
2447647,Yan-sui Liu,
1403968481,Mayra Erazo-Rodas,
1405458068,Mary Sandoval-Moreno,
1397324845,Sergio Muñoz-Romero,
31546670,Mónica Huerta,
1405458079,D. Rivas-Lalaleo,
19383758,C. A. Naranjo,
1397324809,J. Rojo-álvarez,
2064527961,David Tseng,
2111256745,David Wang,
26650171,Carolyn L. Chen,
2113312120,Lauren Miller,
2107484384,W. Song,
3025646,J. Viers,
2108240,S. Vougioukas,
2930283,Stefano Carpin,
32027425,J. A. Ojea,
144344283,Ken Goldberg,
152321442,Qiting Huang,
1390863630,Yingpin Yang,
2636319,Lijing Gao,
2054763314,Hassan Ibrahim,
88282659,N. Mostafa,
2912149,Hassan H. Halawa,
31127290,M. Elsalamouny,
9308373,R. Daoud,
2478943,H. Amer,
7007912,A. Shaarawi,
143799905,Ahmed K. F. Khattab,
40456506,H. Elsayed,
2074656144,D. Langan,
51883425,Ryan Vraa,
145890135,Chong Xu,
2288765541,M. Kaur,
40003911,Cheol-Hong Min,
3038921,A. Chlingaryan,
1800730,S. Sukkarieh,
144648192,B. Whelan,
153295899,A. Castrignanò,
4572091,G. Buttafuoco,
34562853,R. Quarto,
2075761516,D. Parisi,
2241977331,R. A. V. Rossel,
34862512,F. Terribile,
48587308,G. Langella,
2110670646,Linlin Guo,
46399769,Yanghua Liu,
117189469,Hanjie Hao,
51442785,Jiaqi Han,
32390509,Tongkui Liao,
1405337429,Isaac Ndawula,
144793067,Samy F. M. Assal,
40006550,Y. Ren,
50326299,Yuchun Pan,
2146400414,Yu Liu,
2109800289,Xiumei Tang,
7882078,Bingbo Gao,
2382604,Yunbing Gao,
113240128,A. Machado,
2070255886,Rodrigo da Silva Ribeiro,
134438569,M. S. Moraes,
2266541789,Higor Marcelo Rainho,
2266541188,Paulo Vitor da Silva Ravani,
46596884,V. M. Spinelli,
7788004,X. Gu,
51431744,Meiyan Shu,
34831475,Guijun Yang,
50706865,Xiao-yu Song,
2098715368,Walther Palomino,
51441246,Giorgio Morales,
51450788,Samuel G. Huamán,
46289213,J. Telles,
39849965,Weicheng Ni,
1787563,Kaijun Ren,
11016708,Lizhen Lu,
2639069,Liegang Xia,
47912181,Haiping Yang,
2116573615,Shu-jun Li,
50204789,Gunjan Pandey,
143839815,R. Weber,
108283191,Ioannis Marakakis,
107809095,Titika Kalimeri,
35629016,R. Shamshiri,
2050822171,Cornelia Weltzien,
2754221,I. Hameed,
4850448,T. Grift,
51260647,S. K. Balasundram,
2266590,Lenka Pitonakova,
144940484,D. Ahmad,
4053056,J. Greenhouse,
48224429,Edward H. Kennedy,
2055848310,M. O'Brien,
1706062,R. Arkin,
2000524643,Priya Rathore,
145587691,Jyoti Jain,
5518481,Y. Rouphael,
3988489,L. Spíchal,
7175075,Klára Panzarová,
36995045,G. Colla,
21611617,L. Klein,
30968235,H. Hamann,
2093721536,Nigel Hinds,
47271057,Supratik Guha,
1571171295,L. Sanchez,
41180453,B. Sams,
51310502,N. Dokoozlian,
102688602,C. Moriarty,
77728609,D. Cowley,
144948649,T. Wade,
1890726,C. Nichol,
1393055706,G. O. Mayrink,
143928161,D. Valente,
81449102,D. M. Queiroz,
41329689,F. Pinto,
11177816,R. Teófilo,
31680109,C. Mendenhall,
2058991419,A. Wrona,
3243276,Jinsheng Duan,
2112535407,Xuan Dong,
2115436643,Yang Shen,
4904301,Beibei Gao,
14068904,Zhaoxian Zhang,
7243393,Tongchun Gao,
48958181,Minghua Wang,
2118343589,Sonia Gupta,
2124974757,Mohit Kumar,
143746538,R. Priyadarshini,
2485621,H. Jull,
2850693,R. Künnemeyer,
16301438,P. Schaare,
2205695012,Anne‐Katrin Mahlein,
3103340,G. Polder,
2119140504,Achim Walter,
9309089,Hongmin Gao,
2116763868,Yao Yang,
151487426,Chenming Li,
2146381804,Hui Zhou,
2052432637,Xiaoyu Qu,
2108226060,Xue Wang,
9326499,Qiuju Xie,
9333765,Tiemin Ma,
2454067,Jingfu Zhu,
144168722,S. Heist,
2111573661,Chen Zhang,
51241716,Karl Reichwald,
2513220,P. Kühmstedt,
2212578,G. Notni,
3198775,A. Tünnermann,
1491595534,José Érico do Nascimento Barros,
51212460,Thomas Kostaropoulos,
4693781,L. Papageorgiou,
52031570,S. C. Tsaniras,
2465652,D. Vlachakis,
2343227,E. Eliopoulos,
9455273,T. W. Cenggoro,
35514304,A. Budiarto,
65786676,Reza Rahutomo,
2948465,Bens Pardamean,
34722009,A. Volkova,
143762689,J. Baird,
147010517,Irah Wajchman,
147076197,Julian Guinane,
48823390,Luke Mease,
39620964,R. Sikka,
48621823,Randall Rhees,
120018452,R. Priya,
143943271,D. Ramesh,
47652527,Ekaansh Khosla,
46577696,Eric Smalley,
1704916,J. Aleotti,
1746877,M. Amoretti,
2079219071,Alessandro Nicoli,
46954165,S. Caselli,
2286558960,P. Sai Aravind,
48383159,Jalpa Shah,
2608782,D. Kurup,
2631150,Jianzhai Wu,
2752092,Shuqing Han,
2108324459,Jifang Liu,
50406099,Shradha Verma,
2649983,A. Chug,
1788663,A. Singh,
40934448,A. Uribeetxebarria,
48273183,E. Daniele,
3238367,A. Escolà,
34843989,J. Arnó,
1403283844,J. A. Martinez-Casasnovas,
35698608,D. Srikar,
2064958585,K. Sairam,
46291006,T. Srikanth,
144674108,Gayathri Narayanan,
145625575,K. Vrinda,
122521199,E. Boston,
47431088,L. Nicol,
47795762,C. Nicol,
8870035,A. Jung,
40574107,R. Michels,
2183151843,Graser Rainer,
48532592,Adriane Parraga,
2049534809,D. Doering,
67197750,Joao Gustavo Atkinson,
144844182,T. Bertani,
2059124117,C. O. A. Filho,
143977743,M. R. Q. D. Souza,
51897508,Raphael Ruschel,
1772966,A. Susin,
1576100042,Andrés Rodríguez,
143822181,Alejandro Fernández,
2913594,J. H. Hormazabal,
46629409,N. Thompson,
47052099,A. Checcucci,
6496517,G. diCenzo,
40378419,V. Ghini,
2234246,M. Bazzicalupo,
49078765,A. Becker,
4200031,F. Decorosi,
15995689,Johannes Döhlemann,
13466817,C. Fagorzi,
6720158,T. Finan,
2162040,M. Fondi,
1984438,C. Luchinat,
6006159,P. Turano,
13053080,T. Vignolini,
3923599,C. Viti,
2170753,A. Mengoni,
1769456,Petre Lameski,
2269444,Eftim Zdravevski,
145404865,A. Kulakov,
144869987,Liang Wan,
2110511961,Yijian Li,
50762136,Haiyan Cen,
51440675,Jiangpeng Zhu,
21114514,Wenxin Yin,
2110588610,Weikang Wu,
152270352,Hongyan Zhu,
2125607453,Dawei Sun,
1687903,Weijun Zhou,
72277943,Yong He,
152817993,María Angeles Rodríguez,
144732520,L. Cuenca,
1781413,Á. O. Bas,
47959485,M. Suma,
9356434,P. Madhumathy,
50520366,Q. Vu,
145720995,M. Raković,
1693523,V. Delić,
144719761,A. Ronzhin,
46581238,Xia Yao,
2139645125,Haiyang Si,
152138567,T. Cheng,
2057612327,Min Jia,
2143841216,Qi Chen,
49902497,Yongchao Tian,
26560296,Yan Zhu,
1979404,W. Cao,
2145763755,Chaoyan Chen,
2115670986,Jiayu Cai,
2057937819,Rongrong Gao,
40428693,D. Petrović,
79040980,M. Jurišić,
2166780436,Tadić Vjekoslav,
2166779875,Plaščak Ivan,
2166780851,Barač Željko,
51369613,B. Keswani,
32141216,A. G. Mohapatra,
83042679,Amarjeet Mohanty,
47688201,Ashish Khanna,
152171655,J. Rodrigues,
1685090538,Deepak Gupta,
2536066,V. Albuquerque,
2921272,Bernát Wiandt,
145644551,V. Simon,
49104901,Tianxiang Zhang,
2824791,Jinya Su,
36281937,S. Fausti,
94445653,D. Clay,
88347737,S. Clay,
2073898770,S. Chandran,
3012038,Rahul B. Kasat,
2236226,Yu-Hsuan Tu,
1994963,S. Phinn,
145118138,K. Johansen,
32194191,A. Robson,
3235263,Ciro Potena,
144143750,D. Nardi,
144446984,Alberto Pretto,
1831678,C. Goumopoulos,
48822726,Gabriele Castellano,
2240943194,Fulvio Risso,
2193659,Riccardo Loti,
2642093,Tien-Dung Nguyen,
66661891,T. S. Sang Nguyen,
2075330360,Nhat-Tan Le,
66757215,V. A. Vu,
67177996,Dong Cong Trinh,
66664128,Tuan Christian Truvant,
66773932,Thanh Dang Bui,
2068881692,D. I. Patrício,
34775267,Rafael Rieder,
144724781,Vivek K. Singh,
108364189,J. Sharma,
1964167,A. K. Pathak*,
11669945,C. Ghany,
34560861,M. Gondal,
151501558,S. Umamaheswari,
1998844603,R. Arjun,
144859041,D. Meganathan,
122890367,Md. Ariful Islam,
86920169,Kohinur Akter,
147693700,Noor Jahan Nipu,
2113243895,Amlan Das,
2286686584,Md. Mahbubur Rahman,
150228126,Mohimanur Rahman,
1929055,H. Ahn,
1757942,Feras Dayoub,
52016246,Jose D. Adriano,
52000879,Yara C. T. Mendes,
145533267,G. Marcondes,
1766601,Vasco Furtado,
2447298,Ilham Kitouni,
2611860,Djamel Benmerzoug,
2460019,F. Lezzar,
2106223744,V. Novak,
4866786,K. Křížová,
100563616,R. Napitupulu,
2816314,Ryo Shigeta,
1773545,Y. Kawahara,
66478527,G. D. Goud,
2139267487,Balaji Naik Banoth,
31218822,Rajul S. Patkar,
30598830,M. Ashwin,
9580384,M. Vinchurkar,
49621630,A. Adami,
2594901,F. Giacomozzi,
67288744,Leandro Lorcnzclli,
2094522412,M. Baghini,
145328913,V. Rao,
1505575256,B. Kumari,
145949596,Ashwni Kumar,
31548736,H. Jawad,
145641122,R. Nordin,
2389255,S. Gharghan,
40454886,A. Jawad,
143652229,M. Ismail,
1404221218,M. Abu-AlShaeer,
122757512,Ekta Panwar,
2078528933,Ankush Agarwal,
5313776,V. Pruthi,
52216448,A. J. Bautista,
2496910,S. Wane,
1657328359,A. Ezzo,
3267104,Xiaoyan Ai,
2108171309,Yong-heng Zhang,
51288015,Hong-Hong Ma,
152278378,T. Yu,
8387189,Zhongfang Yang,
14820841,Q. Hou,
2114308850,Qing-Liang Zeng,
2151036414,Rui Wang,
81099504,Sae-Han Suh,
79590308,Ji-Eun Jhang,
81714805,Kwanghee Won,
2110848884,Sung Y. Shin,
2265056,C. Sung,
1403446235,M. Poveda-Villalón,
1994208987,Quang-Duy Nguyen,
2456138,C. Roussey,
2485410,C. D. Vaulx,
2499071,J. Chanet,
104043381,M. Bhat,
34910903,T. Raja,
2395065783,S. Maqbool,
38557616,Sang-il Na,
48976451,Chanwon Park,
97486626,K. So,
134044932,H. Ahn,
5798061,Kyungdo Lee,
113931978,Hongbin Dou,
2155988960,Chengliang Zhang,
2151530957,Lei Li,
117645882,Guangfa Hao,
84581808,Bofeng Ding,
117610707,W. Gong,
2148764490,P. Huang,
67040395,Leonard Mabele,
20579196,Lorna Mutegi,
1713536,C. Krintz,
1682591,R. Wolski,
6654501,Nevena Golubovic,
2083413149,F. Bakir,
72348220,Yan-ge Ma,
77883360,Q. Xiong,
74506480,Jianqiang Zhu,
84231383,Shunyao Jiang,
2194798531,Mona Hamed Hashim,
98432129,A. M. Adam,
103623825,Mohamed Ali Dawoods,
98285125,I. M. Fangama,
14695521,Nazia Rafique,
26937126,Sehrish Nazir,
51290067,Sumaira Akram,
15578132,K. Ahad,
80308956,Afshan Gohar,
81496730,Surriya Tariq Abbasi,
2055104354,Ijaz Ahmed,
2328890885,Khalid Rafique,
40022702,A. Kennedy,
2543585,Bryan M. Wittmann,
33963284,A. M. Evans,
4713774,Luke A. D. Miller,
38411720,D. Toal,
48760946,Shaun Lonergan,
3718606,S. Elsea,
4977798,K. Pappan,
48738267,Guangqi Wang,
49721993,Yu Han,
2118445799,Jian Chen,
2111415786,Yue Pan,
70448265,Yi Cao,
143748182,Hao Meng,
1781359448,Nannan Du,
2110767727,Yongjun Zheng,
1393506482,B. Enkhtaivan,
120333457,P. Pattison,
49487869,J. Tsao,
2841903,G. Brainard,
1597814148,Bruce Bugbee,
7394657,S. Sut,
153635484,C. Franceschi,
40517164,Gregorio Peron,
15744186,G. Poloniato,
1389243804,S. Dall'acqua,
73549727,А. М. Гурьянов,
83437980,Алексей Анатольевич Артемьев,
2135649775,Max Well de Oliveira Rabelo,
2053838354,N. P. Griebeler,
2096233092,Nilton Ricetti Xavier Nazareno,
2152822,F. Morillo,
2055013732,B. Bornstein,
66660622,L. Mirvakhabova,
17928009,M. Pukalchik,
2057507958,S. Matveev,
80089383,P. Tregubova,
1738205,I. Oseledets,
96753632,Yaya Suleman,
12974156,R. V. Manurung,
9383519,D. Kurniawan,
95052373,I Dewa Putu Hermida,
31381402,A. Heryana,
2934965,Kristen S. Veum,
34888973,Paul A. Parker,
6756066,K. Sudduth,
3220948,S. Holan,
145071337,G. Villani,
145362527,P. Castaldi,
153659811,C. Stanghellini,
66878357,F. Tomei,
47114757,P. Zanetti,
67189966,S. Panizzi,
3308894,Ivan D. Zyrianoff,
51956625,Alexandre Heideker,
143845572,Dener Silva,
40578527,S. Sadowski,
1805815,P. Spachos,
1410802019,Bertha Mazon-Olivo,
1410802843,Dixys L. Hernández-Rojas,
1450822564,José Maza-Salinas,
2064029262,Alberto Pan,
152497714,R. Srinivasan,
2667596,E. Kannan,
40807277,Yasser Mesmoudi,
74629807,Mohammed Lamnaour,
26591453,Yasser El Khamlichi,
7748831,A. Tahiri,
3358506,A. Touhafi,
2456513,An Braeken,
50002364,Oscar Barrero,
66880265,Sebastin Tilaguy,
66817230,Yuli M. Nova,
84047991,F. Belista,
49103807,M. Go,
82380242,Loraine L. Luceñara,
82720174,Charles Jedidiah G. Policarpio,
143779554,Xedret Jan M. Tan,
3392957,R. Baldovino,
2060429112,Sergio Morales,
2086660354,Jose Magallanes,
145157748,C. Delgado,
9378141,Ruth Canahuire,
79455257,J. Huuskonen,
34721549,T. Oksanen,
48943981,M. Bayram,
81708230,Remziye Asar,
50765298,V. Özdemir,
2144543357,Jiahuan Li,
46696753,Liqing Zhou,
2286094739,Julián Alberto,
2286131710,Patiño Murillo,
1411363870,J. J. Castro-Maldonado,
1405313153,J. Patiño-Murillo,
1450786269,A. E. Florian-Villa,
2286147618,O. E. Guadrón-Guerrero,
27787707,Marco Terán,
145901699,Henry Carrillo,
2056617276,Carlos Parra,
2052665226,M. Schumacher,
91196401,Simon Ohnmacht,
91843549,R. Rosenstein,
144434484,R. Gerhards,
2436462,N. Ahmed,
102424067,D. De,
2533312,I. Hussain,
14361885,Young Shin Hong,
1399900380,J. Choi,
14614076,E. Nho,
11997683,I. Hwang,
145927505,N. Khan,
49882808,N. Jamila,
6423964,K. Kim,
1405074066,Katty Lagos-Ortiz,
1405074061,José Medina-Moreira,
1453348257,Andrea Sinche-Guzmán,
1411075940,Mayra Garzón-Goya,
1414666226,Vanessa Vergara-Lozano,
1398759108,R. Valencia-García,
145660905,S. Saravanan,
143950941,S. Suguna,
33315921,Jiafeng Yao,
104263154,Guiping Zhu,
144625647,T. Zhao,
49407355,M. Takei,
2118502414,Liang Han,
2115537296,Hao Yang,
143778544,Bo Xu,
48458509,Zhenhai Li,
2115881391,Xiaodong Yang,
90149249,A. Orozco,
2107779892,W. L. Lin,
2107564556,H. X. Shen,
2150678937,H. F. Liu,
143668831,S. F. Xia,
2145162736,W. W. Zhang,
2067405890,F. Toro,
1809291,A. Tsourdos,
35580309,Quoc Hung Ngo,
46258289,Ali Mohsin,
2069022648,Qiong Shen,
2115554170,Xinyu Wang,
2115308169,Xiaoming Zhang,
3255494,Chenghai Yang,
143611766,Chunjiang Zhao,
1792073,Minzan Li,
34716047,S. Bernardo,
120886863,L. Dinis,
145340016,Nelson Machado,
1399402628,J. Moutinho-Pereira,
51432014,B. Aragon,
1919533,R. Houborg,
144327492,K. Tu,
144450239,J. Fisher,
20538593,M. Mccabe,
2268255335,Maciej M. Misiura,
2370002720,Jan Filipe,
2370006279,Carrie L Walk,
2237550135,I. Kyriazakis,
5739950,J. Habel,
3707430,Mike Teucher,
6563519,D. Rödder,
145320945,António B. Sousa,
2690121,Carlos Resende,
2109776051,André Pereira,
2072950205,Waldir Moreira,
2906619,K. Vercauteren,
8112049,Michael J. Lavelle,
5202326,H. Campa,
145754365,Abdulla Mohamed,
2316003,P. Culverhouse,
1692929,A. Cangelosi,
2149303136,Chenguang Yang,
121707432,I. Bragança,
40534031,P. Lemos,
1400773735,C. Delerue-Matos,
6763545,V. Domingues,
2270705144,K. Sujatha,
2126743554,J. Sandhya,
1471448201,Jitta Sai Chaitanya,
2023290394,R. Subashini,
40511771,Ashish Gupta,
15966255,Hari Prabhat Gupta,
49236705,Preti Kumari,
1845888952,Rahul Mishra,
40843998,Surbhi Saraswat,
1778257,Tanima Dutta,
144159094,M. Hossam,
2128588822,Mohamed Kamal,
91944620,M. Moawad,
49533975,Mohamed Maher,
2057821935,Mohamed Salah,
92417594,Youssef Abady,
2058582553,A. Hesham,
47003569,Kunal Goel,
40117801,A. Bindal,
150237111,M. M. Vihari,
7420917,U. R. Nelakuditi,
150235881,M. Teja,
28890017,Saad Abouzahir,
2641332,M. Sadik,
2098846,Essaid Sabir,
2109850273,Shivi Sharma,
2471373,Geetanjali Rathee,
2310182,H. Saini,
33963626,Alena Otto,
2699766,Niels A. H. Agatz,
145576528,James F. Campbell,
1761717,B. Golden,
2899189,E. Pesch,
65954758,F. Z. Bassine,
34944282,A. Errami,
2652817,M. Khaldoun,
2098184097,R. Dhanesha,
1500661300,Naika C. L. Shrinivasa,
1411529236,Rekha B. U.,
3241872,V. Desai,
1419461140,Pratigya S. Ajawan,
145189562,S. K. Jha,
35374798,N. Lamb,
144811861,Mooi Choo Choo Chuah,
2697060,D. Egea,
1405244167,Antonio Tripiana-Caballero,
1402919988,J. López-Salcedo,
1401642241,G. Seco-Granados,
51232520,W. D. Wilde,
2915620,B. Bougard,
14132374,J. Sleewaegen,
145217549,Alexander Popugaev,
96543052,Nursyahirah Mohd Shatar,
66521536,Mohd Azizi Abdul Rahman,
96723338,Sheikh Ahmad Zaki Shaikh Salim,
36922480,M. Ariff,
31315616,M. N. Muhtazaruddin,
94700046,Ahmad Kamil Ahmad Badlisah,
32195017,George Eldho John,
35638045,G. Renjith,
2068866017,Neil K. Thomas,
117806426,Rohit Joseph Mammutil,
2110937846,A. Singh,
2109726288,Sandeep Kumar,
3161078,Danilo Pianini,
2309813556,Ahmed Elzanaty,
3354671,A. Giorgetti,
1710215,M. Chiani,
49241906,L. Comba,
8141701,A. Biglia,
98103381,D. R. Aimonino,
49227246,P. Gay,
2031128515,J. Roux,
3184018,J. Fourniols,
101933599,G. Soto-Romero,
2443907,C. Escriba,
2054512173,Baowei Su,
2917210,Gengxing Zhao,
2019684689,Chao Dong,
73979672,Y. Syafarinda,
74884254,F. Akhadin,
2349895465,Z. Fitri,
2102822659,Yogiswara,
2177029182,B. Widiawan1,
145002610,E. Rosdiana,
143854935,R. Radha,
49192132,A. Tyagi,
48990480,K. Kathiravan,
79616240,G. S. Betzy,
3363232,R. Vaddi,
145815213,P. Manoharan,
2385871,K. Mochida,
34600014,Satoru Koda,
2110322796,Komaki Inoue,
1744285,T. Hirayama,
2492952,Shojiro Tanaka,
2985732,R. Nishii,
1774633,F. Melgani,
40184079,Francesco Ferrarese,
49563646,S. Pappalardo,
115773332,Alberto Cosner,
92760414,S. Brugnaro,
114543407,Kaodi Alum,
2079347612,Angelica Dal Pozzo,
2002363,M. Marchi,
66527783,Penny A C Hundleby,
1872737,W. Harwood,
49282672,M. Elhoseny,
2115844515,Xiaohui Yuan,
10148761,Gunasekaran Manogaran,
48818035,Susan Chan,
2070316,Abderrahim Halimi,
103198079,Fengzheng Zhu,
6588375,I. Gyongy,
145405011,R. Henderson,
2029380,R. Bowman,
144519519,S. Mclaughlin,
9069648,G. Buller,
144134091,J. Leach,
39364039,M. Ziliani,
145412183,S. Parkes,
48004695,I. Hoteit,
47375786,O. Gustafsson,
2061184002,Daniel Barry,
144208900,A. Willig,
40565606,G. Woodward,
2073745422,T. Rajasekaran,
3456810,S. Anandamurugan,
1795440,Hengbiao Zheng,
2164550,Jiale Jiang,
2144386048,Yong Liu,
2153635766,Yu Zhang,
2067973966,Ferdinand Langer,
51166128,L. Mandtler,
51305953,E. Palazzolo,
29371562,Maria Jeseca C. Baculo,
36940378,N. Marcos,
145629760,V. Sowmya,
144456263,K. Soman,
2158637,M. Hassaballah,
3069975,S. Shete,
32407329,Srikant Srinivasan,
29904434,S. Mirnezami,
3042938,B. Ganapathysubramanian,
1800224,P. Schnable,
1958543,T. Gonsalves,
97684560,P. Garre,
2063971112,A. Harish,
46762787,Lina Yuan,
1729778,Huajun Chen,
145116762,Jing Gong,
2133461932,F. Rançon,
1959387,L. Bombrun,
2407212,B. Keresztes,
145813480,C. Germain,
37385490,R. Surase,
27395001,K. Kale,
74173681,Mahesh M. Solankar,
3368821,A. Varpe,
2604510,H. Gite,
9225638,A. Vibhute,
2374464036,L. ShanthiD.,
2108969426,Haifeng Wang,
2109326271,Yinwen Chen,
2144391789,Zhitao Zhang,
3479279,Haorui Chen,
48570003,Xianwen Li,
2026979065,Mingxiu Wang,
1471897352,H. Chai,
27388096,Y. Lan,
1745235212,Shengde Chen,
84541856,John Carlo Q. Agetano,
83400300,Niña Angela T. Pamplona,
83370457,Genoah Lee Hernia,
83693315,Ingrid Carissa C. Obnial,
2324892914,Eugenia R. Zhuo,
48512538,Christopher Miles,
145608590,R. Dantas,
2241246796,Richard Webster,
8885851,V. Palazzi,
123210223,F. Gelati,
122451205,U. Vaglioni,
3192243,F. Alimenti,
3223031,P. Mezzanotte,
2124830,L. Roselli,
2097574840,Pengbo Gao,
36124320,Yan Zhang,
2381452163,Linhuan Zhang,
48678658,R. Noguchi,
3487291,T. Ahamed,
1574052464,Sakthiprasad K. M.,
2895319,R. K. Megalingam,
6658269,Thomas M. Koutsos,
2261221356,Georgios Menexes,
32833683,Christian Grasso,
1997810,G. Schembra,
1941886,Alexander K. Savochkin,
145140623,A. Timoshenko,
2070431118,Mikhail Ivanov,
2970345,S. Krawetz,
145533512,A. Greenfield,
66987900,Marco F. S. Xaud,
27088096,A. C. Leite,
66066618,Evelyn S. Barbosa,
2062790733,Henrique D. Faria,
2075259193,Gabriel Loureiro,
2129087,P. From,
1387646085,Ankur Pandey,
66233951,Piyush Tiwary,
2110208938,Sudhir Kumar,
2288899549,Sajal K. Das,
2098502,C. Costa,
1954964,U. Schurr,
2026088,F. Loreto,
3363929,P. Menesatti,
2444772,S. Carpentier,
51074469,P. Filippi,
145414696,Edward Jones,
66371288,N. Wimalathunge,
38197548,Pallegedara D. S. N. Somarathna,
65956839,L. Pozza,
23183629,S. Ugbaje,
14931218,Thomas G. Jephcott,
40590961,Stacey Paterson,
117261245,T. Bishop,
5632300,Nikolay P. Kandul,
46701369,Junru Liu,
17937456,H. Sánchez C.,
41133734,Sean L. Wu,
69983523,John M. Marshall,
6928917,O. Akbari,
2160845942,Edward J. Jones,
145392358,Laura García,
2170419,L. Parra,
144697002,J. M. Jiménez,
3141184,P. Lorenz,
2156146032,Lu Zhang,
2118914555,Tiantian Wang,
2108076191,Yiran Liu,
48813224,Qingling Duan,
145330189,T. Khan,
2281333353,D. S. Kumar,
2042545331,Hikaru Kumamoto,
23538456,K. Iida,
8140467,Shigeto Nakamura,
35874282,E. Ueda,
66031965,Igor Kopestenski,
39874026,P. V. Roy,
3289696,G. Nikolaou,
26971129,D. Neocleous,
49348201,N. Katsoulas,
2684968,C. Kittas,
2107106532,R. N. Santos,
88086944,E. Mercante,
72073627,J. Johann,
30628210,C. H. E. D. Souza,
49853845,C. Cattani,
88286233,A. Paludo,
72211238,Zhan Yubin,
66581698,W. Zhengying,
2113455828,Zhang Lei,
10427774,Jiang Weibing,
35096685,Dewei Yi,
49359204,Jinya Su,
39703990,A. Verger,
34281634,Y. Qu,
40664154,Wei Zhao,
3316452,Baodong Xu,
3408633,Yelu Zeng,
2152352252,Ke Liu,
35729269,Jing Li,
134270801,Kandula Syamu,
2186011,Vaishali Maheshkar,
2111282229,Bhupendra Singh,
37140717,T. Ravi,
2052839986,Jiang Bian,
2108168976,Junying Chen,
2004704057,Haiying Chen,
153550442,Chenfeng Cui,
83819170,Shuobo Chen,
2113771687,Qiuping Fu,
6218849,J. Hampton,
13575639,D. MacKenzie,
48297858,D. Forsyth,
143978217,Chi Wu,
1751498,Xingang Liu,
48661318,Xiaohu Wu,
1688479,F. Dong,
28686573,Jun Xu,
65787211,Yunxi Zheng,
86963894,Yongquan Zheng,
145619089,Ryan Yang,
2761385,Shifei Yang,
47532452,G. Hau,
123405493,Chia-Wei Sung,
7278766,Hongtao Yu,
2499984,Lionel Touseau,
1887907,N. L. Sommer,
4750412,K. Ding,
47688359,A. Khanna,
3011642,Sanmeet Kaur,
39611239,W. Maes,
4765721,K. Steppe,
104204493,S. Nairizi,
2108558,V. Honkote,
38890993,D. Kurian,
144702291,S. Muthukumar,
152597498,Dibyendu Ghosh,
49000184,Satish Yada,
2055618295,Kartik Jain,
101184771,Bradley Jackson,
1746469,Ilya V. Klotchkov,
2795921,Mallikarjuna Rao Nimmagadda,
80563412,Shreela Dattawadkar,
2392645013,Pranjali Deshmukh,
2110760279,Ankit Gupta,
80214331,Jaykant Timbadiya,
2392645153,Ravi Pali,
5882944,Karthik Narayanan,
80071930,Saksham Soni,
1819217323,Saransh Chhabra,
2392646263,Praveen Dhama,
2392646962,N. Sreenivasulu,
81275979,Jisna Kollikunnel,
2357281996,Sureshbabu Kadavakollu,
2392646695,Vijay Deepak Sivaraj,
2094611,Paolo A. Aseron,
38703276,Leonid Azarenkov,
2392646931,Nancy Robinson,
2347350209,Arun Radhakrishnan,
2285065857,Mikhail J. Moiseev,
49773022,G. Nandakumar,
2392645150,Akhila Madhukumar,
2096038613,Roman Popov,
1643842608,K. P. Sahu,
2392665156,Ramesh Peguvandla,
2392707570,Alberto Del Rio Ruiz,
29331157,Mukesh Bhartiya,
32605653,Anuradha Srinivasan,
2285065772,Vivek De,
90908136,Mulham Fawakherji,
153742343,Aliaa Youssef,
2759880,D. Bloisi,
7975972,P. Patel,
31065551,Dinesh B. Vaghela,
2108824249,Yuzhen Wang,
2117952625,Jinhui Li,
122024799,Xinyuan Wang,
2109457890,Xiao Yang,
49890766,Yi Zhang,
7375030,Qi-xiang Sun,
48128882,Jinxing Zhou,
78289071,Xiaonong Zhou,
1646631762,S. Basavaraju,
2074669239,V. A. Rangan,
1446368137,S. Rajgopal,
2053673817,A. Tejeda,
2053180408,R. C. Castro,
2108539696,Linlin Wang,
2108520393,Yali Zhang,
46702713,Huihui Zhang,
37898126,M. Tahir,
2056449368,Shichao Ou,
2142989738,Xiaotao Liu,
30858338,Pengchao Chen,
5426420,D. Streiner,
145107392,E. A. Pandya,
30983974,Alin Cosma,
40134264,L. Cristea,
90444108,C. Zamfira,
50189274,D. Thaler,
34336795,M. Head,
1736317,A. Horsley,
35993396,V. Sagan,
2496780,M. Maimaitijiang,
2325550,P. Sidike,
88728930,Kevin Eblimit,
47109477,K. Peterson,
81968790,S. Hartling,
2240316027,Flavio Esposito,
26896744,Kapil Khanal,
27524444,M. Newcomb,
34788566,D. Pauli,
2112937421,Rick Ward,
144485801,F. Fritschi,
34892854,N. Shakoor,
2491793,T. Mockler,
91656893,Jasmine Neupane,
48544694,Wenxuan Guo,
2822905,I. Halachmi,
29344003,M. Guarino,
143755240,J. Bewley,
2819055,M. Pastell,
121173986,Joey Gallegos,
153612611,M. Luong,
16962917,J. Stoneking,
148241983,Taajza Singleton,
147620033,M. Truong,
2166041242,Xianling Yan,
147198919,Klaudia Cymerska,
122866576,Javier Martín,
2057960485,Ó. Sánchez,
147263490,Kayla Uy,
2061066960,R. Cheung,
146265594,Brandon Hawi,
2056139368,Humza Khan,
2057099945,Aaron Liang,
148124257,S. Riazi,
2110240439,Joshua Wang,
2054869857,P. Hernandez,
148084382,S. Lodi,
31317199,M. Olivieri,
8468202,Daniela Parada,
100493127,Calvin Sun,
46521755,Xinni Liu,
97228623,Fengrong Han,
9443026,K. Ghazali,
32964243,I. Mohamed,
2116810669,Yue Zhao,
49588981,Siddharth Singh Chouhan,
3092565,U. Singh,
145877208,Sanjeev Jain,
22784439,Kavita M. Berger,
39905496,Phyllis A. Schneck,
2231495,P. Hric,
87809087,Ľ. Vozár,
2090256,P. Kovar,
77692243,M. Corrieri,
47705643,Natalie Roy,
1938597197,Knesha N Rose-Davison,
152823589,Chad J. Roy,
6886715,J. Bosilevac,
6668031,H. Dwivedi,
8892354,P. Chablain,
4230375,M. Ullery,
47754701,J. S. Bailey,
8173992,V. Dutta,
1708590,Zhigang Han,
46874221,Fen Qin,
1891081,Caihui Cui,
2108162393,Yannan Liu,
2151979395,Lingling Wang,
2872373,Pinde Fu,
51457224,Y. Liu,
2118976820,Ying Zhao,
2146332752,Tianyi Zhang,
49645233,Yunyun Chang,
2118512442,Shuangjie Wang,
145416328,Rubing Zou,
145101450,Guonian Zhu,
144201824,Li-rong Shen,
20320346,Yirong Guo,
5846556,Stanley W. Nadir,
1395817920,Victor Jaoko,
107748999,P. Osano,
88575460,P. Ongugo,
2375920779,P. K. Priya,
2265543029,Dr. N. Yuvaraj,
49829224,M. Suresh,
1920368,S. Ashok,
2157354935,S.Arun kumar,
2094651649,P. Sairam,
31124338,Yang-Yang Zheng,
26434105,Jianlei Kong,
40430910,Xue-bo Jin,
2118774822,Xiaoyi Wang,
2847804,Tingli Su,
48304150,Min Zuo,
2148904327,Zhengyang Zhang,
35645192,Zengyu Mi,
2090247382,Zhenzhen Dong,
2144221714,Hao Wang,
9723467,Yongwei Tang,
2109130503,Maoli Wang,
49530575,Jingbo Zhao,
2865211,Junhu Ruan,
2143529656,Yuxuan Wang,
123337480,F. Chan,
31429904,Xiangpei Hu,
3404059,Minjuan Zhao,
2075371823,Fangwei Zhu,
1991299,Baofeng Shi,
1491235429,Yan Shi,
145957468,Fan Lin,
107861987,J. G. Damaceno,
13004557,C. Cesaroni,
1958556,L. Spogli,
70398335,M. Grzesiak,
145702208,G. Franceschi,
144867459,M. Cafaro,
50980442,E. Schreiber,
47734794,A. Heinzel,
38920360,M. Peichl,
144542161,M. Engel,
2239599574,Werner Wiesbeck,
1384179681,Immanuel Zion Ramdinthara,
2286714500,Dr. P Shanthi Bala,
71663535,Shichao Jin,
50087485,Yanjun Su,
7363734,Fangfang Wu,
17696878,Shuxin Pang,
145369990,Shang Gao,
51129003,T. Hu,
2108457924,Jin Liu,
153683053,Q. Guo,
1721408,F. Rango,
27335189,Giuseppe Potrino,
1805281,M. Tropea,
9292304,A. Santamaria,
1886151,P. Fazio,
113027369,V. Pino,
144750072,J. Wren,
2630168,R. J. Doerksen,
2229308,Inimary T. Toby,
1681593,B. Nanduri,
2064660,R. Homayouni,
3199031,Prashanti Manda,
4514610,S. Thakkar,
2834319,R. Sudhesh,
2380893890,V. Nagalakshmi,
71757339,A. Amirthasaravanan,
148053725,S. Gulati,
32053577,S. Martin,
143780474,S. Nozaki,
40131559,A. Barnes,
144515119,I. Soto,
15316637,V. Eory,
31994941,B. Beck,
77736437,A. Balafoutis,
144943521,B. Sánchez,
3470358,J. Vangeyte,
15315211,S. Fountas,
100735411,T. V. D. Wal,
1401285432,M. Gómez-Barbero,
134398428,Maryam Gharehbeigloo,
152400386,S. Dehyouri,
34643739,A. Zand,
11425569,J. W. Allwood,
2118002607,Yun Xu,
1401002613,Pilar M J Martinez-Martin,
2090029571,Raphaёlle Palau,
32188960,A. Cowan,
134641461,R. Goodacre,
145883085,A. Marshall,
144738656,D. Stewart,
47083587,C. Howarth,
65782613,Gregorius Airlangga,
1785229140,Alan Liu,
49423162,S. Mahato,
21085540,Atanu Santra,
51347409,Sukabya Dan,
2127046121,Partha Rakshit,
52211302,P. Banerjee,
48501666,A. Bose,
13208743,O. Elina,
122449929,Asmita Singh,
123696298,Abhishek Tyagi,
123440612,Sindhu Hak,
2142730184,Jiayi Zhang,
2108661665,Xia Liu,
145461906,Yan Liang,
2057766609,Q. Cao,
49544190,Xiaojun Liu,
88505003,Danlei Sun,
12493629,N. Qiu,
143746760,Shuang Zhou,
145528057,Bing Lyu,
2108033994,Shuo Zhang,
2109040996,Jingguang Li,
2118524220,Yun-feng Zhao,
153017636,Yongning Wu,
73774644,B. Stumph,
73775900,Miguel Hernandez Virto,
2767912,Henry Medeiros,
2865636,A. Tabb,
49156674,S. Wolford,
2055997814,Kevin Rice,
5373236,T. Leskey,
51879044,N. Wilke,
2411204,B. Siegmann,
2785171,L. Klingbeil,
30827953,A. Burkart,
46490791,T. Kraska,
37640607,O. Muller,
105006418,A. V. Doorn,
2074875035,Sascha Heinemann,
72888479,M. Eckerstorfer,
50302250,M. Dolezel,
3982917,A. Heissenberger,
9547011,Marianne Miklau,
5045053,W. Reichenbecher,
32551634,R. Steinbrecher,
6368702,F. Waßmann,
152990564,Yuanhuizi He,
2320399,Changlin Wang,
2149500724,Fang Chen,
2189999,Huicong Jia,
2087749667,Dong Liang,
40274245,Aqiang Yang,
2054874091,Hao Long,
2107463280,Yinung Chung,
7769730,Zhenbao Liu,
8016808,Shuhui Bu,
52138561,Hiroyuki Takeshima,
2066882790,P. K. Joshi,
81406187,Maik Basso,
2703260,Edison Pignaton de Freitas,
144387777,T. Ushio,
46888822,T. Mega,
144637726,T. Kubota,
2801123,P. Roy,
35463872,A. Guber,
2533711,M. Abouali,
2853057,A. Nejadhashemi,
145080287,K. Deb,
2295992856,Alvin J.M. Smucker,
1724884,Q. Tu,
15293982,Tianxi Yang,
15511558,Yanqi Qu,
14142788,Siyue Gao,
50316244,Zhiyun Zhang,
51258048,Qingmiao Zhang,
2143444820,Yilei Wang,
3276853,Jinyi Wang,
1770208,Lili He,
87437936,Janilson Pinheiro de Assis,
88364807,R. P. Sousa,
2090318284,W. M. Rodrigues,
15049085,Paulo César Ferreira Linhares,
87814519,Eudes de Almeida Cardoso,
123422272,Maria Francisca Soares Pereira,
87030051,J. Paula,
2116158860,Ariana da Mota Oliveira,
40288830,Dario Albani,
15445416,T. Manoni,
150892494,Arikhan Arik,
2805781,V. Trianni,
83456117,Hrabrin Bachev Храбрин Башев,
2367184449,Aastha Sharma,
2265917563,Vijayakumar V,
3656426,R. Well,
3998077,S. Burkart,
39940231,A. Giesemann,
3401372,B. Grosz,
11533471,J. Köster,
1399460390,D. Lewicka-Szczebak,
3100803,Conrado R. Ruiz,
50146462,Pranay Ranjan,
122450006,Ajay S. Singh,
9968184,M. Tomer,
145572004,A. Lewandowski,
7271858,L. Prokopy,
2268323372,Asa Gholizadeh,
2853290,V. Kopačková,
14356268,N. Tsolakis,
100496245,Eirini Aivazidou,
1953762,J. Srai,
2108133719,Xuejian Zhang,
92683987,Prince Waqas Khan,
1687201,Guangxia Xu,
143680427,M. Latif,
1471742438,Khizar Abbas,
92142276,A. Yasin,
148517942,Д.В. Пивченко,
115197282,Ю. Л. Мешалкина,
134985697,И. И. Васенев,
2333830561,Мария Васильевна Тихонова,
2333828474,Михайловна Визирская Мария,
2143480130,Smita Das,
9069676,M. Debbarma,
2385927620,V. Vignesh,
2385930711,S. Muthukaruppaiah,
2385929252,V. Kalaiyarasan,
2358735991,R. Prasath,
2385876512,D.R Saranya,
37182340,A. Salgadoe,
31744047,D. Lamb,
35623812,D. Schneider,
50025709,Yijian Li,
2120311100,Xiaoran Li,
2109528882,Yueming Zhu,
47467394,Haiyong Weng,
2110076437,Chi Xu,
8422588,Y. Bao,
2117930415,Lei Feng,
32811295,Jianyao Shou,
3171826,E. Aptoula,
40503926,I. Marcu,
9750924,C. Voicu,
1391737298,A. Dragulinescu,
1746940,O. Fratu,
1736971,G. Suciu,
49878119,C. Balaceanu,
151103995,M. Andronache,
89908331,H. S. Pathak,
144197020,P. Brown,
145918966,Talitha Best,
48541967,Liwei Xing,
2155698640,Jing Zhang,
2108880269,Hongyu Zhang,
2200735839,Jianzhai Wu,
118726929,Mahesh Kumar Soma,
32139964,M. Shaheen,
8274615,Farrah Zeba,
143759312,M. Aruna,
2183894538,Hazem A. El Debaky,
22249103,Naseer A Kutchy,
115161447,A. Ul-Husna,
88894306,R. Indriastuti,
145312028,S. Akhter,
48023289,B. Purwantara,
1746789,E. Memili,
2140074191,Syed Asif Ali Shah,
3423601,Julián Eduardo Plazas,
1719976,S. Bimonte,
2365963,G. D. Sousa,
1765573,J. Corrales,
66844588,I. Neforawati,
35191389,N. S. Herman,
40798098,Othman Mohd,
2533121,Yongho Shin,
2108586193,Jiho Lee,
12632824,Eunyoung Park,
49685794,Junghak Lee,
2143728220,H. Lee,
89021328,Jeong-Han Kim,
2252223336,Rob Bramley,
2101284509,Divyansh Thakur,
144160889,Y. Kumar,
2124883935,Arvind Kumar,
2109204705,P. Singh,
145280989,R. Gallardo,
91275221,Kara R. Grant,
2115443624,David J. Brown,
4270442,J. McFerson,
143760166,Karen Lewis,
6485277,T. Einhorn,
88575754,M. M. Sazo,
2055548438,Mahmoud Abbasi,
31936866,M. Yaghmaee,
94065102,F. Rahnama,
40949778,D. Liebe,
123395170,R. White,
40882181,Rolf Arne Kjellby,
1776092,Linga Reddy Cenkeramaddi,
1409991391,Anders Frøytlog,
1399017126,B. Beferull-Lozano,
145826585,J. Soumya,
2065601097,Meghana Bhange,
1486448101,A. Jenifa,
2285279406,Dr. R. Ramalakshmi,
2124675407,V. Ramachandran,
148087300,S. Magalhães,
120201547,P. Costa,
47559322,Yuwei Chen,
2157337353,Wei Li,
1399214117,J. Hyyppä,
2152169242,Ning Wang,
9072637,Changhui Jiang,
2086783591,Fanrong Meng,
2282271,L. Tang,
2825376,E. Puttonen,
7430857,Chuanrong Li,
1411266916,S. Vv,
1413035724,Gopalakrishnan E.A.,
80753010,S. V.,
2059784103,Soman K.P.,
67083733,Matsuda Takahiro,
3042568,M. Kachi,
1891273,R. Oki,
1470579783,Watcharaporn Hoisang,
144231220,D. Nacapricha,
152492712,P. Wilairat,
4533330,W. Tiyapongpattana,
145050949,T. Baker,
47973914,Brandon Whitehead,
3970846,R. Musker,
1970116,Johannes Keizer,
36508830,L. Yeung,
6930383,J. Haslun,
5332512,N. Ostrom,
2101282099,Tao Sun,
35081189,E. Young,
113503079,M. V. van Kessel,
5588078,Sebastian Lücker,
143914223,M. Jetten,
145058374,M. Saravanan,
31001097,S. K. Perepu,
2108641609,Seonghun Lee,
8289367,Jaehwa Park,
144102321,Christine Dewi,
1694167,R. Chen,
3409850,K. Karmakar,
1693037,V. Varadharajan,
1681657,S. Nepal,
1707996,U. Tupakula,
2109527799,Liu Liu,
1730575,Rujing Wang,
1994566,Chengjun Xie,
144861562,Po Yang,
47939269,Fangyuan Wang,
2288826654,Sud Sudirman,
153494551,Wancai Liu,
74438240,Radhika Kamath,
2094546,Mamatha Balachandra,
30468325,S. Prabhu,
3254725,N. Bakhtadze,
52069471,E. Maximov,
1394509410,D. Donchan,
2124752670,Lamara N. Kozlovskaya,
40074195,N. Maximova,
1720822869,Hehu Zhang,
9293685,Xiushan Wang,
2118427286,Ying Chen,
145497615,G. Jiang,
47562238,Shifeng Lin,
2373742406,Zhicheng Yang,
2304251,Parth H. Pathak,
144046717,M. Sha,
2241683843,Tingting Zhu,
13655785,Junai Gan,
50466696,Pengfei Hu,
144752813,P. Mohapatra,
145896683,H. G. Parra,
92538213,V. A. Morales,
1409232886,E. Gaona-García,
5119366,Carlos de Ollas,
49518949,R. Morillon,
49690113,V. Fotopoulos,
50638763,J. Puértolas,
4578604,P. Ollitrault,
1398464374,A. Gómez-Cádenas,
5072079,V. Arbona,
51475856,C. Lammie,
47274562,A. Olsen,
112984413,Tony Carrick,
8198052,Mostafa Rahimi Azghadi,
2335949805,Rajesh G M,
2297609104,G. Gomadhi,
2335948621,G. Malathi,
2321855963,Janardhan Namdeo Nehul,
2299880968,A. Krishnaveni,
153194536,P. Gautam,
144230896,H. Kushwaha,
2145751147,Adarsh Kumar,
2111859262,Dilip Kumar,
12760745,Zhou-hong Jiang,
1572623044,Zheng Kaini,
47806940,Z. Fei,
1410899997,Laila F. Moreira,
1410408847,Felicio Castro,
1411258090,J. A. Góes,
30900045,L. Bins,
1518613446,Bárbara Teruel,
83219823,J. Fracarolli,
104273951,Valquíria Castro,
1518623365,Marlon S. Alcântara,
81869522,G. Oré,
2217362,D. Luebeck,
2116690615,Luciano P. Oliveira,
47408504,L. Gabrielli,
1389729110,H. Hernández-Figueroa,
2301798882,-. Anadel-Campo,
2301837572,SanchezID,
51933772,R. Ballesteros,
2301800081,Fernando Ortega,
2301801739,A. Miguel,
2301801314,MorenoID,
1684455,Phivos Mylonas,
32213005,Yorghos Voutos,
46590453,Anastasia Sofou,
94310309,Kristýna Kantnerová,
9446473,B. Tuzson,
5967829,L. Emmenegger,
40470871,S. Bernasconi,
39871137,J. Mohn,
147180694,Judicael Geraud N. Zannou,
1837870,V. Houndji,
123831382,P. Anbarasan,
98822978,Я. П. Лобачевский,
116044746,С. Э. Лонин,
70596044,И. С. Алексеев,
152974492,Н. Т. Гончаров,
87464958,И. И. Афонина,
101752687,Е. Н. Ильченко,
46364677,Artyom Nikitin,
114063650,Ilia Fastovets,
51069113,Dmitrii G. Shadrin,
40862005,M. Pukalchik,
115727159,Kunling Chen,
35181230,Yanpeng Wang,
2118404026,Rui Zhang,
2108915490,Huawei Zhang,
2148757368,Caixia Gao,
2688374,Pablo Horstrand,
38131459,Raúl Guerra,
153719613,A. Rodríguez,
104149124,María Díaz,
144705450,S. López,
151055021,José F. López,
104314468,L. Viana,
13138968,Deborah Campos Tomaz,
40664728,R. Martins,
145948111,J. Rosas,
153534561,F. Santos,
74603439,M. F. Portes,
103916109,P. Cinat,
93097819,S. F. D. Gennaro,
4690368,A. Matese,
8658068,Yiran Luo,
2151967938,Jian Li,
49778266,Chunyang Yu,
1994526637,Bing Xu,
2110860121,You Li,
2631044,L. Hsu,
2107747769,Hua Jiang,
2108748252,Xiaoyu Li,
3366586,Weizhen Rao,
117022122,G. Bucci,
98470281,D. Bentivoglio,
119229376,A. Finco,
92632865,M. Belletti,
105030548,Lucie Orlíková,
48828181,J. Horák,
1557390934,G. Chethana,
2285607630,K V Padmaja,
1642313133,Akshay Y. Kachor,
51018084,A. Łukowska,
51023802,P. Tomaszuk,
50998172,K. Dzierżek,
84373854,Ł. Magnuszewski,
1429731687,Dora Cama-Pinto,
144399500,M. Damas,
1403179720,J. A. Holgado-Terriza,
2075968317,Francisco Gómez-Mula,
1397585224,Alejandro Cama-Pinto,
1402972312,Ahmed A. El-magrous,
94181477,J. Sternhagen,
2073901145,Gary Hatfield,
38955517,Q. Qiao,
39663816,G. Pasquale,
3051106,S. Graziani,
144090616,A. Pollicino,
1868726,C. Trigona,
146174319,Aidil P P Rizky,
1884792,Liyantono,
52089976,M. Solahudin,
2289202907,Muhammad Asif,
2289448968,A. Raibag,
2289397739,Vijay Franklin,
1384501548,Anqi Rao,
34648463,Hanqin Shao,
152379310,Xiaotong Yang,
48683721,S. Higgins,
2533518,J. Schellberg,
49266604,J. Bailey,
48269961,Yanxin Zhu,
1695451,Sujian Li,
16291479,Yongfang Peng,
29399574,Dimosthenis C. Tsouros,
51437883,Anna Triantafyllou,
2297908117,Stamatia Bibi,
2342593756,Panagiotis G. Sarigiannidis,
108318198,Y. Zubarev,
3408754,Davit Hovhannisyan,
2098752250,Kareem Khalifeh,
2104293599,Peng Fei,
2868015,A. Eltawil,
1785145,F. Kurdahi,
21692727,Mahdi Maktabdar Oghaz,
2830453,Manzoor Razaak,
2733383,H. Kerdegari,
2365231871,Vasileios Argyriou,
1711669,Paolo Remagnino,
104243960,Artem Chashchin,
51285898,G. V. Ovchinnikov,
144583872,A. Somov,
40914824,F. Sukkar,
38700308,Graeme Best,
2346481,C. Yoo,
145442298,R. Fitch,
35339783,Mohammad Saifuzzaman,
2132147,V. Adamchuk,
108210699,Roberto M. Buelvas,
12704599,Asim Biswas,
2683575,S. Prasher,
51991761,N. Rabe,
144052958,D. Aspinall,
50119510,W. Ji,
145157171,A. Smirnov,
144214373,L. Sheremetov,
3137478,N. Teslya,
7656160,D. Antille,
48047587,S. Peets,
70291845,J. Galambošová,
143853103,G. Botta,
92283891,V. Rataj,
152956104,M. Macák,
7375434,J. Tullberg,
65979687,W. Chamen,
145274232,D. White,
66364640,P. Misiewicz,
1392659453,P. Hargreaves,
108024778,J. Bienvenido,
46315564,R. Godwin,
83042559,E. I. Parisi,
2072012867,M. Suma,
97651574,A. G. Korumaz,
20803823,E. Rosina,
3475073,G. Tucci,
82185149,S. Ravi,
113927434,B. Joseph,
49269332,F. Lombardi,
39716238,M. Lualdi,
104284614,R. Lawford,
2108746873,Weilu Li,
144287224,Peng Chen,
144461642,B. Wang,
153147724,Bruno S. Miranda,
145534026,A. Yamakami,
3220329,Priscila C. Berbert,
2149115149,Xiang Feng,
2067810683,Fang Yan,
2111039290,Xiaoyu Liu,
89606228,J. Zoto,
100748236,M. Musci,
10451523,Aleem Khaliq,
48473030,M. Chiaberge,
2068290,I. Aicardi,
30182154,S. Tomar,
19212406,V. Vek,
81746440,Kancheti Mrunalini,
2291836535,M. Sharath Chandra,
117171383,Lingutla Sirisha,
3234288,Yaochi Zhao,
47904703,Yu Wang,
2110272172,Jiaying Wang,
2493146,Zhuhua Hu,
2113697624,Fusheng Lin,
2110683825,Mengyao Xu,
2287448834,Alaa Adel Araby,
2287406269,Mai Mohamed Abd Elhameed,
2287377058,Nada Mohamed Magdy,
2287393740,Loa'a Ahmed Said,
77277195,N. Abdelaal,
2287401584,Yomna Tarek Abd Allah,
2263509191,M. S. Darweesh,
2287417594,Mohamed Ali Fahim,
1762358,H. Mostafa,
93432543,Timothy P. Wright,
145857918,A. Nassar,
2553539,P. Guillevic,
2846556,L. Hipps,
143750993,F. Gao,
47596079,K. Jim,
39917844,M. M. Alsina,
1400333449,Jorge Fuentes-Pacheco,
1423364341,Juan Torres-Olivares,
1398659780,E. Román-Rangel,
145613399,Salvador Cervantes,
2089175139,P. Juárez-López,
2648799,Jorge Hermosillo Valadez,
1400333452,J. M. Rendon-Mancha,
92183271,Jing Tang,
2598130,Jianbo Fu,
2121402780,Yunxia Wang,
150350164,Yongchao Luo,
151178570,Qingxia Yang,
66200438,Bo Li,
38826469,Gao Tu,
123844219,Jiajun Hong,
2021626,Xuejiao Cui,
2109199880,Yuzong Chen,
40465841,Lixia Yao,
144281353,Weiwei Xue,
144571173,Feng Zhu,
1962811,N. Pettorelli,
2112558622,Yang Weng,
1845872537,Rui Zeng,
49762627,Chenming Wu,
2146058715,Meng Wang,
2118417365,Xiujie Wang,
46398687,Yong-Jin Liu,
134333133,L. Schulte,
2059709813,N. Perez,
2058462750,Leonardo Bidese de Pinho,
38491032,G. Trentin,
47341201,P. Sacco,
19208567,R. Gallo,
40383046,F. Mazzetto,
3096009,P. Daponte,
1785903,L. De Vito,
1737350,L. Glielmo,
2048101,L. Iannelli,
1920439,D. Liuzza,
2098920,F. Picariello,
2356545475,Giuseppe Silano,
2065904879,M. Riedl,
88633775,R. Orsini,
46227590,D. Basili,
16860125,C. A. Bozzi,
2389851228,S. Chiappini,
80436037,C. Conti,
2053199940,A. Galli,
145104492,E. Giorgini,
39724175,M. Fiorentini,
2116718,E. Malinverni,
152786950,A. Mancini,
5065338,L. Mazzanti,
13794160,E. Monaci,
92313696,G. Passerini,
1387468156,C. Pro,
16329770,R. Santilocchi,
5671299,A. Vignini,
1411541119,S. Zenobi,
2285304464,A. Andrushia,
80514872,A. Patricia,
101100343,S. Pascuzzi,
97466335,A. S. Anifantis,
48697132,F. Santoro,
2073794988,Vincenzo Cimino,
2109640933,Zhenhong Li,
3251978,L. Frewer,
2109641643,Zhenhua Li,
2109015464,Zhigang Liu,
8596064,R. Gaulton,
51142468,Daniel Wicks,
47947121,H. Mortimer,
2149477567,Xiao Cheng,
2786525,Chaoqing Yu,
2118547961,Zhanyi Sun,
3208961,A. Chawade,
2131418740,Joost van Ham,
145281452,H. Blomquist,
121524295,Oscar Bagge,
4300195,Erik Alexandersson,
145838090,R. Ortiz,
1582167152,Noureldin N. Sharaby,
143651260,A. Doroshenko,
73833056,A. Butovchenko,
98552891,Aleksandr Legkonogih,
31100472,Victor Grimblatt,
1766803,G. Ferré,
2363792,F. Rivet,
2888260,C. Jégo,
90815875,N. Vergara,
23699280,Tesfa Tegegne,
1395593354,H. Balcha,
152721399,Mebiratu Beyene,
121346981,Yaxiao Niu,
2108872089,Liyuan Zhang,
1782267,Wenting Han,
148376881,Xingshuo Peng,
71078085,Yicong Zhao,
3052508,Shenghan Gao,
2108721433,Jia Zhu,
2109000739,Jiameng Li,
2116309349,Hang Xu,
36741453,Kexin Xu,
2088929,Huanyu Cheng,
7278855,Xian Huang,
2105525920,A. Pawar,
11506922,A. Licciulli,
49328986,R. Nisi,
116256715,Y. Zubarev,
143933204,D. Fomin,
98489349,N. Zubarev,
1412431135,Javier Guana-Mora,
1416323787,Nelson Salgado–Reyes,
1416352844,Gustavo Chafla-Altamirano,
2082094312,Damian Nicolalde-Rodriguez,
1412417406,Charles E. Escobar-Terán,
2083146942,Edwin Quinatoa-Arequipa,
30852767,Sukumar Katamreddy,
145975195,Joseph Walsh,
50788337,S. Ward,
50207148,Daniel Riordan,
1654096609,A. Banaru,
153866177,Khushboo Singh,
1380419008,D. Garg,
88513829,Arpana Katiyar,
5227810,Y. Mudgil,
21468988,A. Bandyopadhyay,
50005779,A. Sengupta,
151493435,Ó. Luísdo,
34784659,P. Prates,
144026507,Ricardo Mendonça,
2053440622,André Lourenço,
144073829,Francisco Marques,
144008078,J. Barata,
1394055034,M. Scanavino,
49710873,A. Vilardi,
2860467,G. Guglieri,
78774945,G. Ezenne,
143695445,L. Jupp,
40648596,S. Mantel,
145480928,J. Tanner,
40283658,V. Maras,
35537206,Tomo Popović,
151206333,Spasenija Gajinov,
49579250,Milena Mugosa,
123129021,V. Popovic,
83526707,A. Savovic,
107594148,Katarina Pavicevic,
151247129,Vasilije Mirovic,
3424981,Jayson G. Boubin,
1396650006,J. Chumley,
143876788,Christopher Stewart,
10131231,S. Khanal,
145886540,Ana Beatriz Salvado,
1413070832,J. Matos-Carvalho,
123797351,L. Campos,
1752391,J. Gialelis,
151016959,G. Theodorou,
151113188,Maria Fokaeos,
2498324,Dimitrios Karadimas,
145215535,C. Ramos,
2014925,Leonel Nóbrega,
2322412,Karolina Baras,
2053026675,Luís Gomes,
97920534,J. Torkunova,
2122952489,Diana M. Korosteleva,
1658942006,O. Bogomolova,
1700078,I. Roussaki,
1690531,Pavlos Kosmides,
51933328,George Routis,
2207136,Kevin Doolin,
151248054,Veronique Pevtschin,
13739384,A. Marguglio,
1889601,Najett Neji,
148222872,Tumader Mostfa,
2190664506,Harvey Humphrey,
123718203,G. Beznosov,
72789454,A. Semin,
91539741,E. Skvortsov,
2067037840,S. Volkova,
153275895,Alan Bauer,
37851731,A. Bostrom,
32881958,Joshua Ball,
31537113,Christopher S. Applegate,
2488569,S. Laycock,
2055472286,Sergio Moreno Rojas,
153562014,Jacob Kirwan,
70748879,Ji Zhou,
4107812,H. Beckie,
14444993,M. Ashworth,
40586555,K. Flower,
90425663,W. Seifu,
2057446703,E. Elias,
27663810,G. Gebresamuel,
88718291,G. Legesse,
1505876309,W. Tefera,
87701225,S. Monteleone,
2058847887,Edmilson Alves de Moraes,
143653590,Julia Jansing,
3880991,A. Schiermeyer,
2852398,S. Schillberg,
2116330580,R. Fischer,
36214822,L. Bortesi,
1411313669,Lúcio André Amorim,
21859276,R. Vassallo,
1396749583,M. Sarcinelli-Filho,
151480933,A. Peerlinck,
145465944,John W. Sheppard,
11825988,J. Pastorino,
6242701,B. Maxwell,
2141762661,Xiaoyuan Li,
120383963,Yan Tang,
7639488,S. Obayashi,
31127528,Yasuhiro Kanekiyo,
1624172656,Kouju Nishizawa,
1626112382,H. Kusada,
50340467,R. Radescu,
41093232,M. Dragu,
71727831,A. Koshkarov,
2134349196,T. Koshkarova,
35467636,G. S. Vieira,
31756447,Fabrízzio Soares,
1384048566,J. C. Lima,
145990430,G. Laureano,
2112550264,S. A. Santos,
34157039,R. M. Costa,
1491180268,R. Salvini,
51428085,F. A. Azizan,
2289137402,F. N. M. Zalani,
47147194,A. Nagarajan,
51439428,A. Aznan,
82170743,R. Ruslan,
1948182772,Muammer Turkoglu,
2641969,Davut Hanbay,
47532530,Chi Lin,
47932606,Chunyang Guo,
2519327,W. Du,
2153626525,Jing Deng,
145131947,Lei Wang,
1712374,Guowei Wu,
51244902,M. Dobrea,
98879174,E. Botezat,
73774051,Ravishankar Chamarajnagar,
67057020,A. Ashok,
2109619472,Jianwen Li,
2109065468,Man Zhang,
2145142637,Yan Zhao,
2506962,G. Stamatescu,
3164331,Cristian Dragana,
3129337,I. Stamatescu,
1430777632,C. Zhang,
145514047,J. Valente,
3289950,L. Kooistra,
2157243986,L. Guo,
102257514,W. Wang,
145373888,Reihaneh H. Hariri,
1891097,Erik M. Fredericks,
40647665,Kate M. Bowers,
3439803,P. Dabove,
39773098,A. Lingua,
3028343,M. Maimaitiyiming,
146883617,H. Erkbol,
2105886065,J. Peterson,
2821351,J. Burken,
2365869442,Hamid Bakr,
2110747715,James E. Taylor,
15345967,N. David,
16198991,Đ. Tadić,
15374839,V. Matamoros,
4727242,J. Bayona,
1579759220,P. Correa,
134563693,Pedro Bautista,
2110613968,Marlene Lopez,
10255542,M. Villaseñor,
150948881,Carlos García,
1390025182,H. Rostro-González,
1401826965,F. Pérez-Pinal,
134071923,Haoyu Niu,
3451909,Tiebiao Zhao,
143987329,Dong Wang,
50580551,YangQuan Chen,
2251821663,R. T. Rosmalina,
13942076,A. E. Persulessy,
2113590627,Ryan Allen,
36407960,Michael Nekrasov,
1397933253,E. Belding-Royer,
148159813,S. Viswanath,
2453548,M. Saha,
144240262,Pabitra Mitra,
91976841,R. Nanjundiah,
2075325831,Zhijun Dai,
2240224,N. Long,
1390522467,Wen Huang,
2291474,M. Blätke,
2063964576,Andrea Braeutigam,
151506638,Prateek Purwar,
3478598,S. Rogotis,
151500127,Fotis Chatzipapadopoulus,
3274768,I. Kastanis,
107945115,S. Semizorov,
152152685,D. Petukhov,
50727189,H. Agrawal,
65832351,R. Dhall,
46292095,K. Iyer,
47630941,Vijayalakshmi Chetlapalli,
146180328,Arooj Safdar,
18947121,Muhammad Attique Khan,
1814986,J. H. Shah,
49311402,M. Sharif,
48592042,T. Saba,
39830875,A. Rehman,
47714047,K. Javed,
2054423254,J. Khan,
150948289,Caner Ferhatoglu,
11447950,C. Zecha,
1787944,P. Skobelev,
148300154,Vladimir Larukchin,
145832943,I. Mayorov,
144198203,E. Simonova,
87731260,O. Yalovenko,
2110751081,Zeng Hu,
1763313,Longqin Xu,
2107083795,Liang Cao,
1753307,Shuangyin Liu,
49386677,Zhijie Luo,
2152448464,Jing Wang,
2108567526,Xiangli Li,
2153517990,Lu Wang,
2114007451,Meng Yan,
2109374601,Jinsong Li,
2053305932,Guo Li-li,
2072420315,Liu Yong,
67288415,Liu Zi-wei,
2095913493,Sun Hua-wei,
2052455330,O. González,
143856195,Mariano I. Lizárraga,
143612763,S. Karaman,
143861895,Joaquin Salas,
16538287,Robison Cris Brito,
151368545,Nicollas Saque,
36322374,D. A. Gonçalves,
3354821,F. Favarim,
3160652,E. Todt,
31916523,Aditya R. Khanal,
2275492,A. Mishra,
38282114,K. Paudel,
1415388733,Felipe Brubeck-Hernandez,
145501243,T. Vladimirova,
1415388406,M. Pooley,
2115704758,Robin Thompson,
2065661325,B. Knight,
26668724,Thi Phuong Duyen Vu,
2697809,I. Cho,
2111835781,K. Kim,
16111036,Seo-Young Yang,
49171184,Y. Kim,
144221604,J. Kang,
51003815,Jacob J. Senecal,
1403414009,Roy Zamora-Sequeira,
2379095133,Ricardo Starbird-Pérez,
1403414018,Oscar Rojas-Carillo,
1403413972,Seiling Vargas-Villalobos,
3379148,F. Pallottino,
49753151,F. Antonucci,
4440679,C. Bisaglia,
3362957,Simone Figorilli,
104905919,Herman,
2510146,N. Surantha,
145104644,R. Morais,
145043942,Nuno Silva,
3446883,T. Adão,
143632492,L. Pádua,
1403625442,J. A. López-Riquelme,
30671602,N. Pavón,
80240841,J. Sousa,
40655700,Emanuel Peres,
2261159,H. Yalcin,
30579664,V. Conde,
2227594,G. Nico,
37800505,João Catalão,
2098760715,M. C. Lorencena,
31944692,J. F. Loureiro,
2700168,R. Latif,
153936334,A. Saddik,
2937875,A. Elouardi,
1492128204,C. L. Shrinivasa Naika,
13886670,Y. Kantharaj,
145958996,R. Madhumathi,
3293189,K. Antonopoulos,
2029448,Christos Panagiotou,
37494523,Christos P. Antonopoulos,
145270350,N. Voros,
1500661883,T. Aishwarya Lakshmi,
1712801,B. Hariharan,
144688056,P. Rekha,
2115475079,Dong-Ho Lee,
2330160440,Heong-Sup Shin,
2109191555,Jong-hwa Park,
2287447055,Budi Cahyo,
2287131842,Suryo Putro,
2171658489,Wayan Mustika,
2287476336,†. OyasWahyunggoro,
2287348577,Hutomo Suryo,
1399076388,J. Lowenberg‐DeBoer,
1392838298,Karthik Buddha,
145782793,H. J. Nelson,
1842276,Dimitris Zermas,
1696163,N. Papanikolopoulos,
1885302599,Novie Chiuman,
51910424,Dedi Atunggal,
31056745,C. Rokhmana,
72536257,G. Michelon,
88838415,C. L. Bazzi,
4148933,S. Upadhyaya,
145746002,E. G. Souza,
39108989,P. G. Magalhães,
2073056207,L. F. Borges,
3469831,K. Schenatto,
2095140299,Ricardo Sobjak,
39358849,Alan Gavioli,
30620462,N. Betzek,
90085979,Sergio Martiradonna,
9723126,G. Piro,
1685466,G. Boggia,
2881439,A. Guedes,
47149733,Xiaoling Wu,
33419990,N. Ye,
2110582032,J. Walker,
145925516,J. Hills,
1798444,F. Jonard,
144349840,V. Pauwels,
40248429,E. Brown,
13480744,Uday Dessai,
144449920,Sherri McGarry,
1398959473,P. Gerner-Smidt,
39247489,S. Daskalakis,
3147276,S. D. Assimonis,
145354878,G. Goussetis,
9450966,M. Tentzeris,
2086966,A. Georgiadis,
1411516918,Nina Sofia Wyniawskyj,
49564847,M. Napiorkowska,
1411490119,D. Petit,
1410220076,Pritimoy Podder,
2109356972,Jim Wilson,
1411978882,Doug Woods,
83977246,E. Jasse,
152238520,David Robledo Di Martini,
2530664,V. Liesenberg,
97632482,E. Tetila,
70672707,J. M. Junior,
2408711,E. Matsubara,
152825460,Henrique Lopes Siqueira,
2556411,Amaury Antônio de Castro Junior,
147404433,Márcio Santos Araújo,
2059233410,Carlos Henrique Monteiro,
2061909,H. Pistori,
47459837,A. Harfouche,
2160695,A. Palombo,
47470082,Jun-yong Fang,
2118449603,Xiao Wang,
134816353,T. Zhu,
2151059808,Xue Liu,
2145563476,Xiaohong Zhang,
2110996226,Dong Zhao,
144766652,R. Wright,
1410753331,C. Ferrari-Wong,
1414095981,A. Flom,
3314223,J. Mecikalski,
2650989,P. Thenkabail,
2172546339,The HyTI Team,
145179763,M. Nunes,
1960750,P. Lucey,
49018546,L. Flynn,
5121267,S. Gunapala,
30949062,D. Ting,
97894192,Sir Rafol,
7960382,A. Soibel,
1471428712,Abdul Hafiz Bin Abdul Wahab,
134688603,R. Zahari,
9261554,T. H. Lim,
31388298,M. A. Çullu,
2230494,Mustafa Teke,
2089163449,N. Mutlu,
88127419,U. Türker,
50195434,A. Bilgili,
2083422067,Fatih Bozgeyik,
46325863,N. Sneha,
145268426,K. Sushma,
1492121753,Surekha Sharad Muzumdar,
1500645367,Jayvant Devare,
89195953,Neha Hajare,
2340968659,Vaibhav Bhatnagar,
2175596978,R. C. Poonia,
2340967725,Surendra Sunda,
2130635203,Njoroge Mungai Bryan,
2130675795,Ka Fei Thang,
31906849,T. Vinesh,
2110543036,Aditya Jain,
2084050,Zerina Kapetanovic,
2116451912,Akshit Kumar,
3751982,Vasuki Narasimha Swamy,
2069242598,Rohit Patil,
2343833556,Deepak Vasisht,
2111337067,R. Sharma,
30576065,Manohar Swaminathan,
39403445,Ranveer Chandra,
1783539,Anirudh Badam,
144172811,G. Ranade,
1757937,Sudipta N. Sinha,
51464520,A. Nambi,
71982678,N. Gyagenda,
34876897,Ahmad Kamal Nasir,
48700258,H. Roth,
30678085,V. Zhmud,
3000407,Alan G. Millard,
151192409,Roopika Ravikanna,
6586246,R. Groß,
2036303,D. Chesmore,
2006412699,Marcos-Jesús Villaseñor-Aguilar,
2269325020,J. Botello-Álvarez,
1390025183,Miroslava Cano-Lara,
2310458483,M. Fabiola León-Galván,
1441069872,M. Bravo-Sánchez,
2283500036,A. Barranco-Gutiérrez,
121892766,M. Medici,
21757440,T. Anken,
87120610,G. Tohidloo,
144027109,M. F. Pedersen,
39873945,Giacomo Carli,
3071903,Maurizio Canavari,
1841933,Z. Tsiropoulos,
4703395,T. Kaul,
34397743,N. Raman,
150208366,M. Eswaran,
49326110,Arulprakash Thangaraj,
153289721,Rachana Verma,
89474766,Sonia Khan Sony,
8555997,K. Sathelly,
2015155322,R. Kaul,
46649183,P. Yadava,
40039922,P. Agrawal,
1412532578,J. P. Rodríguez-Gómez,
2284017,M. D. Cicco,
153554184,S. Nardi,
1929942,Duangduen Asavasuthirakul,
1393456977,Sittha Saisawan,
1964448,A. Harfield,
1393456962,Prasert Wiangsukphaiboon,
71871554,T. C. Bybee,
1744099,S. Budge,
152213249,A. Marini,
144554940,F. Reina,
46767321,A. Popescu,
145280934,C. Castano,
146961367,I. Cabeza,
2107106746,C. Santos,
2970373,C. Miravet,
71501023,D. Zorita,
105070509,Y. Delclaud,
150016774,A. Israeli,
2211040,M. Emmerich,
7029271,M. Litaor,
2742958,O. M. Shir,
2136733909,W. Miao,
37603348,Chunbo Luo,
145896559,G. Min,
2112872716,Liang Wu,
1992724293,Tianxiao Zhao,
2054302425,Yang Mi,
2065842956,Maryam Khalid,
146929826,H. Saim,
40992749,Z. Qamar,
145266818,Fahad Akhtar,
2363957023,M. Awais,
81205693,Victoria T. Tanaka,
2669392,G. Engelhard,
17107627,M. Rabbitt,
144284376,J. C. Jimenez,
65753984,Katherine Andrea Cuartas Castro,
2145954190,Yangchengsi Zhang,
46846229,Long Guo,
49070408,Yiyun Chen,
3464280,Tiezhu Shi,
2087128020,Meijnan Luo,
2224016,Q. Ju,
2116009751,Haitao Zhang,
3264512,Shanqin Wang,
2182281622,Fei Zhang,
108173566,N. Cao,
145427645,Ahan Dalal,
30189741,Ronny Bourstein,
91081614,Nadav Haish,
91577212,Itamar Shenhar,
40496669,R. Wallach,
3238972,M. Moshelion,
35983879,A. Carrieri,
48530874,W. Rowe,
35735962,M. Winn,
1441303477,Edward O. Pyzer-Knapp,
152530844,Haitao Zhao,
2156262,Haikuan Feng,
2112809017,Yuxi Fang,
1485330641,He Sun,
46461287,Yijun Yan,
145811527,Jinchang Ren,
7358162,D. Dong,
50179497,H. Yue,
1690212,T. Durrani,
89486181,Nicoleta Tantalaki,
2771473,S. Souravlas,
1708382,M. Roumeliotis,
2056496072,Diego Gómez,
98892557,Pablo Salvador,
144469139,J. Sanz,
49666638,J. Casanova,
34217820,P. Withers,
47211841,P. Vadas,
46262263,Risto Uusitalo,
4817668,K. Forber,
46766523,M. Hart,
145256962,R. Foy,
123306619,A. Delgado,
47872114,W. Dougherty,
46429739,H. Lilja,
87476015,L. Burkitt,
3785309,G. Rubæk,
6256893,D. Pote,
10328313,K. Barlow,
4287738,S. Rothwell,
90183017,P. Owens,
1403393214,J. Padilla-Medina,
1405198264,L. M. Contreras-Medina,
1729600,M. Gavilán,
1388383685,J. R. Millán-Almaraz,
80354760,J. Alvaro,
1413887225,Gabriela Navarrete-Forero,
2227651544,Lady Morales Baren,
1399853915,L. Dominguez-Granda,
90130155,J. Cevallos,
4189395,J. M. Jarrín,
1483738043,Priyanka Chandrakant Shelake,
1768107,T. Gunawan,
1626100146,Mohamad Firdaus Sabar,
2533738,H. Nasir,
1901634,M. Kartiwi,
1833141,S. Motakabber,
7184582,R. Nouacer,
2285723030,Huáscar Espinoza Ortiz,
2285714181,Yassine Ouhammou,
2286326529,Rodrigo Castiñeira González,
152291013,Merrill Edmonds,
1716335,J. Yi,
150249512,N. Singa,
1390770513,Lingyun Wang,
145066192,Wei Hu,
2112250313,Qiu Wu,
2155682141,Dandan Wang,
7559249,Liangxiao Zhang,
2110803510,Yueqing Xu,
2106761310,Xin Qi,
48631372,Xuefang Wang,
153315992,Xiupin Wang,
28753576,Qi Zhang,
33411144,Peiwu Li,
2611653,L. Lambrinos,
2108962607,Yongqiang Chen,
2230699580,Shaofang Li,
2124479602,Hongmei Liu,
2060157420,Pin Tao,
2228721767,Yilin Chen,
2005537580,Lisa M. LaForest,
148056891,S. Hasheminasab,
5575221,A. Odukoya,
2109146686,Dawei Li,
145867746,Yan Cao,
48745357,Guoliang Shi,
2149788082,Xin Cai,
2144354538,Yang Chen,
2143243742,Sifan Wang,
2111431457,Siyuan Yan,
1452348057,J. Hammer,
2389329310,Jitendra Patidar,
152704315,R. Khatri,
50712834,R. Gurjar,
2085551975,Irina Artamonova,
2114294020,H. Ren,
2109767056,Yanling Zhao,
1626859631,Wu Xiao,
9240502,Zhenqi Hu,
30800781,N. Minh,
146551733,Doãn Hoàng Sơn,
2395616392,Mai Văn Trịnh,
2235516227,I Nyoman Rudy Hendrawan,
1381295952,Luh Putu Yulyantari,
2235516151,Gede Angga Pradiptha,
1381295985,Putu Bayu Starriawan,
2156547433,Da-Hye Kim,
51063622,Muhammad Rusyadi Ramli,
120704782,Jae-Min Lee,
2157216557,Dong‐Seong Kim,
48332298,F. Maguire,
2743112,M. A. Rehman,
145357300,C. Carrillo,
3974695,M. Diarra,
2708164,R. Beiko,
95528884,Sirada Patthawaro,
13025204,C. Saejung,
151397390,Dajing Gu,
2113842731,K. Zhu,
151360351,Yuechen Shao,
39533001,Wei Wu,
144513168,Liang Gong,
1699591,Chengliang Liu,
34872957,J. Dyson,
79969758,Robert T Trotter Ii,
40509560,J. Baldwin,
145092693,C. Buck,
10064590,Mark Remiker,
2054215226,Amanda Aguirre,
12387041,Trudie Milner,
117361113,Emma Torres,
6662188,F. V. von Hippel,
51912835,S. Khabbazan,
51938469,P. Vermunt,
1402159471,S. Steele‐Dunne,
51895570,L. R. Arntz,
51915667,C. Marinetti,
153176504,D. Valk,
2417226,L. Iannini,
8270045,R. Molijn,
16146739,K. Westerdijk,
48688296,C. V. D. Sande,
2113998273,Ziyang Cao,
2109817139,Yalan Zhao,
38322193,Zhi-feng Wu,
51501289,Danylo Malyuta,
80601989,Christian Brommer,
51455459,Daniel Hentzen,
2709732,Thomas Stastny,
2910129,R. Brockers,
1413765234,E. G. Cabral-Pacheco,
1403274810,S. Villarreal-Reyes,
1404335758,A. Galaviz-Mosqueda,
2261102356,Sergio Villarreal-Reyes,
1405283179,R. Rivera-Rodríguez,
1411693702,A. Perez-Ramos,
14159428,N. Kashapov,
89532536,M. M. Nafikov,
116471676,M. Gazetdinov,
2354846540,Sh.M. Gazetdinov,
2299571521,R. A,
2286004096,Nigmatzyanov,
49769031,Wang Dawei,
3370503,Limiao Deng,
152320821,Jiangong Ni,
82113911,Gao Ji-yue,
2149671269,Hongfei Zhu,
2983491,Zhongzhi Han,
2155301398,Peng Wang,
2122989533,Junwei Tian,
50881107,Daniel Mutembesa,
1955809,Ernest Mwebaze,
151504436,Solomon Nsumba,
7310107,C. Omongo,
1389606929,Humphrey Mutaasa,
2108096719,Yongji Wang,
144835072,Lili Jiang,
143632338,Q. Qi,
49421136,Y. Liu,
2152809928,Jun Wang,
91007933,Arindam Roy,
97268141,A. Jana,
48530970,B. Koletzko,
5948272,E. Reischl,
9655663,Conny Tanjung,
1387453527,I. González-Casanova,
5147933,U. Ramakrishnan,
49585104,Suzanne J. Meldrum,
1786835,K. Simmer,
2234411716,J. Heinrich,
3575290,H. Demmelmair,
2096268517,Z. Xiao-nong,
27599239,Koushik Nagasubramanian,
1900812413,Sarah Jones,
152395021,Asheesh K. Singh,
144016196,S. Sarkar,
1712215532,Arti Singh,
31001042,M. Dastagiri,
134284291,L. Bhavigna,
2054962788,W. Dai,
9481264,J. Na,
2054020424,Nan Huang,
2114117836,Guang-hui Hu,
88662450,Xin Yang,
1859304,G. Tang,
3276082,Li-yang Xiong,
1922470,Fayuan Li,
49597887,F. Seymour,
153841529,N. Harris,
87469953,K. Loit,
49897232,K. Adamson,
49841635,M. Bahram,
10189494,Rasmus Puusepp,
7488553,Sten Anslan,
13757748,R. Kiiker,
5365148,R. Drenkhan,
3025949,L. Tedersoo,
2398494518,Y. S. Zagoskin,
27859120,A. T. Tsirkunenko,
3572074,T. Odong,
107725397,J. Tenywa,
3729174,M. Nabasirye,
6915223,A. A. Dorofeeva,
32389629,A. Kazak,
122289334,L. Nyurenberger,
11621857,A. Shevyrnogov,
2130457941,I. Yu Botvich,
2255179350,D V Yemelianov,
21606192,A. A. Larko,
2255179477,V K Ivchenko,
2255179247,T N Demianenko,
1564613921,Jothi Prasanna Shanmuga Sundaram,
48634005,Zhiwei Zhao,
152260917,Mehmet Dogan Altinbas,
3013054,T. Serif,
51170243,Sadaf Farkhani,
40406527,M. Kragh,
1379540482,P. Christiansen,
1403488792,R. Jørgensen,
2550309,H. Karstoft,
2158478266,Qingpu Yang,
2112251932,Man Liu,
12662344,Shuqin Yang,
2611959,J. Ning,
120070071,Xuehong Zhang,
2146003307,Yang He,
2144448025,Chao Wang,
2143943992,Fan Xu,
2145461694,Xinhui Li,
3311459,Changwei Tan,
50536181,Dongmei Chen,
1630578473,Guojie Wang,
2153000293,Lixin Shi,
152295207,M. R. Ugur,
1389227699,Amal Saber Abdelrahman,
2041668306,H. Evans,
2060079570,A. Gilmore,
2335314285,M. Hitit,
11332041,R. I. Arifiantini,
151493520,A. Kaya,
2937959,Ishita Bhakta,
3223443,S. Phadikar,
2793668,K. Majumder,
1419505152,Chandrika Dabariya,
1664653590,Brendan Duffy,
16053681,L. Glaab,
9494670,B. Prabowo,
8491175,I. Hermida,
2065576797,D. Kurniawan,
88087235,Y. Sulaeman,
31611333,J. Molin,
38480714,T. Tavares,
39582349,B. Parida,
97499452,Avinash Kumar Ranjan,
39634859,W. Lu,
30913775,Mengjie Zeng,
2151978130,Ling Wang,
48541896,Hui Luo,
2302633,Subrata Mukherjee,
1941367469,Xuhui Huang,
2281298985,Yiming Deng,
2001035620,A. Abdu,
1951977,M. Mokji,
2412102,U. U. Sheikh,
1410127248,Feiyang Gao,
2108369684,Zhuo Wang,
2114139842,X. Bai,
1654112477,Wenlong Xi,
3060611,J. Garrison,
147376706,Lohic Fotio Tiotsop,
2236057,Antonio Servetti,
1803966,E. Masala,
1817173,F. Stoican,
1379485095,A. Mayer,
52181435,Uferah Shafi,
2480545,Rafia Mumtaz,
1397664639,J. García-Nieto,
1682336,Syed Ali Hassan,
3403116,Syed Ali Raza Zaidi,
2065630717,Naveed Iqbal,
1789872120,Deone Jyoti Bhanudas,
1789915632,Khan Rahat Afreen,
9164531,M. U. de Haag,
1572725195,Svenja Huschbeck,
49122810,Joel Huff,
2119240644,Alexandre J. Oliveira,
2058993500,G. A. D. Assis,
1821547,E. Faria,
2066537706,K. C. T. Vivaldini,
145726167,F. Ramos,
1506558438,C. Mendes,
145007186,D. Wolf,
145795861,V. Romanov,
9219761,I. Galelyuka,
114299526,H. Antonova,
2356528,O. Kovyrova,
2572732,V. Hrusha,
2389567,Olexander Voronenko,
1387712510,Zhanmeng Lin,
2643613,Xiaohong Jiao,
2141398670,Zhong Wang,
1901571,Deepak Puthal,
2145502658,Xindong Wu,
2360242108,Nepal Surya,
144928956,R. Ranjan,
1699149190,Jinjun Chen,
1423732867,Lucija Viskovic,
30402037,I. Kosovic,
2617761,Toni Mastelić,
28514658,A. Pandey,
1491633695,Minakshi Chauhan,
2332995874,T. Awofolaju,
30757811,K. Ogbeide,
34419150,S. Adebayo,
35371104,Y. T. Utsunomiya,
47657205,M. Milanesi,
2113803204,M. R. Fortes,
90728364,L. Porto-Neto,
40520715,A. Utsunomiya,
2111027543,Marcos Vinícius Gualberto Barbosa da Silva,
1400136471,José Fernando Garcia,
1387512379,P. Ajmone-Marsan,
2110699037,Renato Silva,
145750542,P. Mestre,
1971020,Carlos Serôdio,
144350981,R. C. Martins,
33962400,P. Jorge,
123041578,T. Barroso,
2757219,Marco Imperoli,
3250271,J. Craigie,
49023667,M. Cornish,
1396418255,Louis E. Deveau,
66031856,Liangliang Yang,
145802468,Hao Guo,
2149070470,Shuming Yang,
2749325,Y. Hoshino,
39159853,Soichiro Suzuki,
2082158768,Dehua Gao,
50206833,Ying Cao,
1389527665,K. Umsup,
1389527632,K. Tammark,
3481755,P. Thanpattranon,
35928237,Kathryn Proctor,
40464440,Bruce Petrie,
47732871,Ruth Barden,
80782272,T. Arnot,
1382541818,B. Kasprzyk-Hordern,
51105591,D. Avola,
1729018,L. Cinque,
1962368873,Alessio Fagioli,
144706031,G. Foresti,
35404907,Cristiano Massaroni,
3433822,D. Pannone,
95723503,J. Meliala,
2077321518,M. Hubeis,
71562024,S. Jahroh,
78202569,A. Maulana,
4378752,M. Polyakova,
48602541,Lynn M. Hua,
1588869784,Andrea Albanese,
1491645400,Donato d'Acunto,
2360982,D. Brunelli,
1453749453,V. Lozano,
7030595,G. Brundu,
1899990,Luca Ghiani,
91560561,D. Piccirilli,
1643976599,A. Sassu,
27662042,M. T. Tiloca,
4327065,L. Ledda,
48232576,E. Casati,
123119718,C. Negri,
8880933,S. Siridhara,
2023655495,Wilasinee Paonoi,
119171374,Sutthipong Meeyai,
8869477,V. Ratanavaraha,
30369230,G. Messina,
1924199,S. Praticò,
1658810624,B. Siciliani,
144073308,Antonio Curcio,
2058747847,S. D. Fazio,
152879064,G. Modica,
46554597,D. Jeyakumar,
108020736,S. Lingeshwari,
71628918,Tianci Chen,
2280044924,Lixue Zhu,
8692929,Genping Fu,
49015740,Weifeng Huang,
152147568,Chenyu Yang,
2150357771,Chao Li,
1431723310,E. Badeka,
1726113556,T. Kalampokas,
1431725892,K. Tziridis,
146143908,Alexander Nicolaou,
2280221,Eleni Vrochidou,
39516370,Efthimia Mavridou,
2947691,G. Papakostas,
2602891,T. Pachidis,
1411804542,R. Beluhova-Uzunova,
1392274844,D. Dunchev,
95632338,Anis Taleb Bendiab,
1395227322,M. Ryckewaert,
79893531,D. Héran,
9131589,R. Escalier,
2319324950,R. Kribich,
46502746,C. Vigreux,
4311709,R. Bendoula,
1387885788,L. Coviello,
2290918519,M. Cristoforetti,
1680819,Giuseppe Jurman,
1687584,Cesare Furlanello,
2381379766,Ekhlaque Ahmad,
120438555,S. K. P. Kumar,
2946158,Sumithra Manimegalai Govindan,
2140197646,N. Saranya,
2061584021,Alireza Ahmadi,
49883923,L. Nardi,
4471820,L. Marchiol,
2738820,D. Saqui,
2231336,J. H. Saito,
98510035,D. C. Lima,
3141973,L. Jorge,
50004607,E. Ferreira,
2314827672,Steve T. M. Ataky,
1879520,Francisco Fambrini,
30924659,S. Shvorov,
50730522,N. Pasichnyk,
66240777,S. Kuznichenko,
2322526418,I. Tolok,
2261601841,Serhey Lienkov,
1474566845,L. Komarova,
1471430006,Yousfi Salima,
2105123788,José Fernando Marin Peira,
1471426847,Gregorio rincón de la horra,
1471427868,P. V. M. Ablanque,
120086341,Jeong-Il Kim,
2145425241,Jae-Yean Kim,
2145138639,Dong-Wook Kim,
48756800,T. Min,
2127186679,Yoonha Kim,
48759772,R. R. Silva,
48634382,H. Hyun,
120086189,Ju-Sung Kim,
2109350279,Kyung-Hwan Kim,
2145454192,Hak-Jin Kim,
5161030,Yong Suk Chung,
2751565,S. Widiyanto,
1492130111,Rizqy Fitrianto,
98564849,Dini Tri Wardani,
35375904,D. Henry,
1968586,H. Aubert,
1736711,H. Aliakbarpour,
1921638,K. Palaniappan,
7691720,G. Seetharaman,
2067368058,Patricio Felipe Jaque Gonzalez,
1764498,D. Dubuc,
2240086955,Katia Grenier,
31995836,T. Véronèse,
2274114233,Carlos A. Mamani Diaz,
2274113277,Edgar E. Medina Castaneda,
2274113226,Carlos Andrés Mugruza-Vassallo,
1516114002,Shinya Ueno,
34812626,O. Sakai,
1580308137,W. Barbosa,
150025110,Adalberto I. S. Oliveira,
2059578774,Gustavo B. P. Barbosa,
145198606,Karla Figueiredo,
144990473,M. Vellasco,
1680670,W. Caarls,
41153839,Saman Akbarzadeh,
2177057,Selam T. Ahderom,
2353784,K. Alameh,
123666372,F. Terra,
1557391502,Gabrielle da Rosa,
1408358404,Paulo L. J. Drews-Jr,
2114346866,X. Cui,
2084600748,Bo Ma,
1992907657,Amaury Cabarcas,
2202714762,Cristian Arrieta,
1474594129,D. Cermeño,
2085190807,Humberto Leal,
2052171914,R. Mendoza,
40867072,Camilo Rosales,
118428318,Syamsul Bahrin,
2170058,Amine Dahane,
1729935,Kechar Bouabdellah,
123333363,Y. Meddah,
1471441826,O. Benabdellah,
73660202,Omor Faruk,
1783948,Xiaoyang Zhong,
1755893,Yao Liang,
2110912756,Xu Liang,
145377564,C. Lozoya,
1486423561,Esier Eyzaguirre,
144243945,J. Espinoza,
1422218700,S. L. Montes-Fonseca,
1486423684,Gildardo Rosas-Perez,
152158745,Mar Parra,
32225085,P. V. Mauri,
152331144,J. Llinares,
14888718,D. Dreslerová,
105039751,P. Demján,
1441988353,Samuel C. Hassler,
1401010886,F. Baysal-Gurel,
2108049627,Jianyong Zhang,
145232712,A. L. Abbott,
1740257,R. Wynne,
145629534,Yuzhu Zou,
2087115766,S. Tian,
108742552,S. Mulla,
152341252,Sudhir Kumar Singh,
2242392145,Komal Singh,
144745568,Bushra Praveen,
2112128703,Mingzheng Zhang,
2207233,Shuming Xiong,
39060745,Liang-min Wang,
1422277487,Ana del-Campo-Sanchez,
2054125809,M. A. Hidalgo,
121917437,Jeremias Lachman,
32330624,A. López,
2068656336,Z. Hao,
46431139,Hongli Zhao,
1731831928,Chi Zhang,
2144219485,Hao Wang,
1772816,Yunzhong Jiang,
144077671,Chun-Ling Zhang,
2327110,Zunfeng Liu,
48718040,A. Qayyum,
119061911,H. M. M. J. Shera,
51960121,Maik Fruhner,
3377197,Thorben Iggena,
2083660193,Franz Kraatz,
3344240,Frank Nordemann,
2681471,H. Tapken,
9329976,R. Tönjes,
122174488,W. Su,
2291867,Zhongping Sun,
2109664784,Wen-hua Chen,
49469820,Xiaodong Zhang,
2093201240,Chan Yao,
2116291824,Jiayu Wu,
1768630,Jianxi Huang,
2411341,Dehai Zhu,
1401267545,F. Mesas-Carrascosa,
49557640,Fernando Pérez Porras,
1404757663,Paula Triviño-Tarradas,
2436693,José Emilio Meroño de Larriva,
1401260551,A. García-Ferrer,
5228475,Leilei Deng,
2145912080,Zhenghao Wang,
2135363881,Chuang Wang,
2145969866,Yifan He,
2110812315,Tao Huang,
2218391787,Yujie Dong,
2190263783,Xian Zhang,
2184463316,Wanxue Zhu,
49576940,Zhigang Sun,
46843845,Yaohuan Huang,
32129076,Jianbin Lai,
2152912838,Jing Li,
2144127214,Junqiang Zhang,
47677187,Bin Yang,
2145530834,Binbin Li,
2119690781,Shiji Li,
2000344414,Kangying Zhu,
98177814,Y. Li,
34999493,X. Liao,
2115475553,Dongho Lee,
2327383039,Jiaqian Si,
15324756,Yanxiong Niu,
3019591,Jiazhen Lu,
2144614818,Hao Zhang,
4478176,Dariush Ashoori,
4487655,M. Allahyari,
13156536,A. Bagheri,
3892220,C. Damalas,
1413001049,Leonardo Camargo-Forero,
2286140932,September Bogor,
2287027731,B D A Nugroho,
1418443057,H. K. Aliwarga,
1417832084,Marco Pusdá-Chulde,
1419479617,F. Salazar-Fierro,
1417846312,Lucía Sandoval-Pillajo,
1410144656,Erick P. Herrera-Granda,
1410207107,Iván D. García-Santillán,
46267017,A. De Giusti,
2070013966,M. V. Arellano,
153255181,A. Dubois,
1752185,F. Teytaud,
1974934,É. Ramat,
1753815,S. Vérel,
143869621,G. Helfer,
1704217056,J. Barbosa,
2110268250,A. B. Costa,
2051861312,B. G. Martini,
2115676120,Ronaldo dos Santos,
31179423,Anagha Rajput,
32103168,V. Kumaravelu,
51926615,Mauricio Moreira Neto,
33178064,E. Coutinho,
1838867,L. O. Moreira,
2710352,J. Souza,
121470720,E. Myers,
145147556,J. Kerekes,
2529128,C. Daughtry,
39883919,A. Russ,
23544949,Simone Vassiliadis,
2049485843,A. Elkins,
123152418,P. Reddy,
5221118,K. Guthridge,
3303579,G. Spangenberg,
145158040,S. Rochfort,
3174268,B. Emile,
69843779,M. Sophocleous,
1742152,J. Georgiou,
89777465,V. Galuzin,
145681654,V. Travin,
90701097,A. Galitskaya,
48469864,Luciano Raso,
10211619,R. Miao,
46572553,M. Khanna,
34651030,T. Řezník,
2093653413,T. Pavelka,
40288642,L. Herman,
108508903,Simon Leitgeb,
40088778,V. Lukas,
21566835,Petr Širůček,
1404259185,Jesús A. Sosa-Herrera,
2384219320,Moisés R. Vallejo-Pérez,
1404259173,Nohemí Álvarez-Jarquín,
1403977231,Néstor M. Cid-García,
1401686670,D. López-Araujo,
147705170,N. Rutherford,
73915546,A. Gordon,
10028259,F. Lively,
49601754,G. Arnott,
47146571,M. Caria,
1403198267,Gabriele Sara,
32352886,Giuseppe Todde,
2070241344,Marco Polese,
144636904,A. Pazzona,
9200718,Wang Ruoyu,
1720865813,Cai Jingtao,
2113510653,Sun Feng,
9285671,Chen Yongquan,
2634443,Anderson Brilhador,
35359230,M. Gutoski,
9113690,L. T. Hattori,
3419486,A. Inácio,
3225435,A. Lazzaretti,
1806302,H. S. Lopes,
47161303,S. Routray,
9132126,A. Javali,
144533716,Laxmi Sharma,
152185638,Aritri Ghosh,
32835588,Anindita Sahoo,
2080937015,C. Fibriani,
145205567,A. Ashari,
9353229,M. Riasetiawan,
73777506,Bhagawan Rokaha,
2401886,B. P. Gautam,
2556837,T. Kitani,
93638601,Dominique Büchele,
151108462,Madlen Chao,
27312024,M. Ostermann,
1388137651,Matthias Leenen,
4501405,I. Bald,
2218848404,Sanjay Kumar,
2116961306,Naveen Kumar,
144263879,R. Saini,
2285814263,Kanaga Priya,
7645758,Ganesh Khadanga,
2055618034,K. Jain,
1629335172,Syeda Saleha Fatim Ali,
144189484,Syed Amer Mehmood,
2114797713,Mujtaba Hassan,
143935464,A. Latif,
1596821268,Lucas Fernando Santolin,
30461851,G. Cainelli,
1596821600,M. Feldman,
143650935,I. Müller,
2109037564,S. Singh,
49012423,P. Alam,
35757295,Parteek Kumar,
34915496,J. H. Kleinschmidt,
1793286,R. Prati,
20204921,Kari Kolehmainen,
27017124,Cristiano Aguzzi,
144974735,Alejandro Morales,
84190402,Adán Jiménez,
47889557,J. López,
40255412,Lebsework Negash,
2108881993,Ho-Yeon Kim,
2701085,Han-Lim Choi,
93960078,A. Finco,
