paperId,venueId
c07ecaef10dae101e2072328b1869ad6a78811d6,Journal of Research in Engineering Science- JRES
c6e96c4070bd1f64a937df103c9fef00b3cbb4f5,Arkansas law review
3540e2cd7509cd74078cd5e0c072c2f0310af5a0,"Food Additives & Contaminants, Part B"
fac9e5b32c67b4c1008f258aac491d37a259a2ae,Journal of Information and Telecommunication
ccc20d914b695d726d8fa4766051e6b1f9e583a9,IEEE Access
6ae2755bd4f67bc27089380e0856f7916687dba4,Wireless personal communications
635dee45d71efb6d60fce22d189f2b546c8bd1f4,Environmental Monitoring & Assessment
2ecf0b3b4e4e92743ed642bede8400c72c96d7aa,IEEE Network
09eb76861ad91b8096fb6868c02476cadc97ce11,Italian National Conference on Sensors
c9cf8e0e954738d64bc63da2c9e6be2779f49340,Journal of Agricultural Safety and Health
0ec8dc47c2bd501b64c26341e647a2b542fe361e,Italian National Conference on Sensors
27567983fe6e218f86f002342afe382cca1e9cad,Italian National Conference on Sensors
30857baa6598a9d328eb1594b8a7ab955e383dde,International Conference on Industrial Technology
6d7b34023f55afb0f17e009087329fad75d7b4c9,Italian National Conference on Sensors
78541fe206cb9aef0caff9197c8b54643e093882,Microchimica Acta
7b612307be0058d72148ec7186e0b736756df614,Agronomy for Sustainable Development
a55c2e38a71ecc0c5812e42c5a3e05b9ea1b44e3,IET Image Processing
a929e2a5da98b4f84dd45b66f34ea1c5ad34ba5e,World Forum on Internet of Things
daff28e883802a678b7435630d7e726cefdad651,2018 International Conference On Advances in Communication and Computing Technology (ICACCT)
6768d1dccf4ceb0897718d9fe1a4c9ad7d48f23f,Agronomy for Sustainable Development
b737d127e0919e6470646a347e40869d10d985b5,Great Lakes Entomologist
b2f69dba4768f9aaa6b86eba7cd0ba0e707d21ce,Great Lakes Entomologist
1c843d737e720e061f8624317355072ed1135017,Frontiers in Plant Science
855b545dde5ef974692328ea556346839045b9da,Weed technology
22b9c7154ba3f3fde863a03698ace6c75c0a6aa7,Cluster Computing
27b0f0f54ae55ce6d6eb2203f2b16c4217b80807,Плодородие
b6aea922f4d66b5830396613ea092b98a45ad814,Плодородие
2c98d2d9cf3fb6adb7b242d0a8353325327ab854,Enterprise Information Systems
d0da7c0f04174ee6bace2905612670f378986bff,Neural computing & applications (Print)
61a19f18ff9a4098b3c34244e4cf9aaaf9a4eec6,International Conference on Big Data Computing Service and Applications
737f07ceb9554d51d90a000ba4fdf024a8b94acc,IEEE Systems Journal
b66b901b1e48febb40e4e88b9e2d1bc6a7a3102e,"International Euromicro Conference on Parallel, Distributed and Network-Based Processing"
c4a4b3e0fcd4b14cdafbc556ca755d8a0c09570c,Cluster Computing
310d52593af70377138eeba1d61012a197592c3b,IEEE Aerospace Conference
57fe534a35d578e7db6077cccfe5b7ad4767793a,Remote Sensing
b7f333d8157b3c1a1e662b70fe54d72b27040c0d,2018 IEEE International Conference on Environmental Engineering (EE)
f8efa979a9c513f615e086e75aca7e7225157587,IEEE Access
4a528647b35ab83710ccb9687120b7b4380f2a41,Scientific Reports
c48b7b60b264ba7516d8eb2b85e503ccdd6b4313,Plant Methods
f1c8da173e799dfcda448afa6f57e974806e98f8,Journal of Food Science
6f0ec43983a6e3aedd6e297fa94871116b401a07,Journal of Animal Science
98319c8a1fc88113edbe0a309610f8ecc4b81ca9,Cluster Computing
0436094fb00374fe5e7d7849b76a7ca51a3b2747,Precision Agriculture
62762b268349d116c6b26fdc210e3361205003e7,Precision Agriculture
c1cbb62b99a1d4669b24bf64e51bfddbafd0708d,Environmental science and pollution research international
0856f7c043b812e684593ed989151e2300e789de,Journal of Organizational Computing and Electronic Commerce
049df5e55ded0ddd64696316de7b93548cc0d292,IEEE Journal of Selected Topics in Applied Earth Observations and Remote Sensing
a057cc41f543be2bfbbcf78692d5e811fdec4177,Italian National Conference on Sensors
267dda735016b52eac8b9ed620ba91180ae66425,Precision Agriculture
334ac80d1670d55e405fe9e62aa467b896ee2ebc,IEEE Journal of Selected Topics in Applied Earth Observations and Remote Sensing
da1bb9c3efa6fdb60e849784769b0aa6cc611339,International Journal of Online Engineering (iJOE)
0bfbba6c2fb44cf043da48d1b39c6cdfb97c1fa7,2018 International Conference on Design Innovations for 3Cs Compute Communicate Control (ICDI3C)
1c88974e60c37174b64e9e7e76ff3836bdb35574,Precision Agriculture
284a9cb0b78c17e60597fe92a3d3cca0d7487c13,Journal of Agricultural Sciences
754b667cccdc591209f7379113ae01a07cd32651,International Conference on eDemocracy & eGovernment
816d3b193f1eea81034356902b45a3b9506ffe5c,Engineer
8c1b6573237c08d69bd586cb79276b1dafcd1ac3,Italian National Conference on Sensors
aa9fb4d0d58d6265d283fe08cb4a4cf408ee99a1,Italian National Conference on Sensors
c0b18c3ad9302f3c543da87125ed346591edd7e6,2018 3rd International Conference for Convergence in Technology (I2CT)
d81dc112dfc8bd45c63d8bb2c49569f428a310e2,Omics
cd98e1036561b41c17de74d35b78f81cd424d460,International Journal of Semantic Computing
71cac10327352ed44002d8d63bfbc38471a9a7de,International Conference on Data Intelligence and Security
d0b6dbb5049998daad926d6edfbc6e105d5f410d,ACM Symposium on Applied Computing
01623a7875aeb1eb899060779120e1bd8f8db33c,International Conference on Cyber-Physical Systems
a302852d3b36c1a1b0f0c0cb6bc20d300f30f20b,IEEE Geoscience and Remote Sensing Letters
51a4698686ceb0560a9fa40d7fbfbb7a07805517,Remote Sensing
d8b1a1a6871ebf9c1daf882b367bf000635276b5,Journal of Animal Science
295b1ea9a70d686748a14c28caee99d384e412af,Journal of Economic Entomology
5069563a6fa24a4136ca256e7b5c7b60a13a696e,IEEE Conference on Computer Communications
ddf10942af81c10115e96c68e4fb9e6797e4723c,IEEE Journal of Selected Topics in Applied Earth Observations and Remote Sensing
d8ed0250d9278dab6c7086b02733285ec9c06272,arXiv.org
4e4a76e99943eb2f72dc239ccf6b4ecd15cc128c,ICACDS
0df315acaf364969796f08c843343c89a0a4d12e,Italian National Conference on Sensors
4f4638f9d74fce6c119b7105c075c9a74875dc1b,2018 IEEE International Conference on Autonomous Robot Systems and Competitions (ICARSC)
80b0f831c76fb9f776b2dc535b3425a2706142c1,Light: Science & Applications
1c76c1c5426889d03fa260c0e264bedfb5d31639,"IEEE International Conference on Recent Trends in Electronics, Information & Communication Technology"
3f44a02da82117a8c47afc93f09bd145dce72a40,IST-Africa Week Conference
5fae4c74a8464af47d12474c6fd1f13d03a30bb0,2018 2nd International Conference on Trends in Electronics and Informatics (ICOEI)
6bc2bf1da427e46d321686c89852af72f51f8fd5,Signal Processing and Communications Applications Conference
77de8d58199e07c1bfec1e9b970507ea13ccdc7b,2018 IEEE Colombian Conference on Communications and Computing (COLCOM)
8ed288d9ebe7739a2407e896c5f84e42ff35516f,"IEEE Advanced Information Management, Communicates, Electronic and Automation Control Conference"
a66439a82b9a2b40b9bb445b0581a1e3d5cfcd76,2018 2nd International Conference on Trends in Electronics and Informatics (ICOEI)
af8dbc81c8c2c76032605b1dc15cd903c1a4a948,2018 13th IEEE Conference on Industrial Electronics and Applications (ICIEA)
b5c0da902cfb846be8517b870768e2359116e2ba,IST-Africa Week Conference
29d102ae845c16d88d5247a775bb6013407c60b3,Frontiers in Chemistry
0720ab8a3e1cc11a02f2df067dc850791c198084,arXiv.org
2a9aa1b03b88b12ac0ec85b39be295e0fa41532e,Precision Agriculture
0c0453e006861f51f80c0aa2dd46605cbff2aa49,Defense + Security
4de493b79505dd851d2012b90b8f7b2bc9bc6ff3,Ai & Society
11124cc0d319e9d7e9c9c7fa8e44e9df973ddfb2,Remote Sensing
8655b372f5bc3bb40887d2983c9a790f23e2bb50,J. Sensors
183ac29b5fc64e2e88257a955e5d17bf3b337af8,arXiv.org
c7b4ffad7cde136505fc2b4ef568684c15147a59,IEEE Access
04774891394a352b266e1d757655137518f42b62,Proceedings of the National Academy of Sciences of the United States of America
aca26e8153ba47f32dc074d6357dea244873d933,Remote Sensing
43093ad9773f74f6748ef5f071c175fbfece124c,Scientific Reports
5573f8c8d5951e433d0162111e79b76a214b8fdf,"International Convention on Information and Communication Technology, Electronics and Microelectronics"
c3da2b35ee5238703086007d4e7aedfabd93939e,Commercial + Scientific Sensing and Imaging
4797980031f6ed63ef6bc04f3d9ccc796559b395,Precision Agriculture
77038e36e5c503bb191b9cfce7cc20c3f11e3d74,IEEE Journal of Selected Topics in Applied Earth Observations and Remote Sensing
b3ae2333fc066bb5462947758cf9b7a31e9b772a,International Journal of Online Engineering (iJOE)
99fd3bc5077f1257679bcbed8b9286e7bc7781df,Italian National Conference on Sensors
23bb5d4e08f0f65e998b9c9c440eb6ad45be2279,"The International Archives of the Photogrammetry, Remote Sensing and Spatial Information Sciences"
631b2e27352dfb043ecf64b672180c15df632ecf,JOJ Horticulture & Arboriculture
adc23fe1a61883d68f414ae31e9999a89b7b9e8d,International Journal for Research in Applied Science and Engineering Technology
d00d799bb902b5737e9c1aa922ada2b596ebff85,arXiv.org
0c89c29277f132205c327744748544fe8a8c47da,International Conference on Intelligent Engineering Systems
11f63108af8e55105805dc91c6017171feadcfc5,International Conference on Distributed Computing in Sensor Systems
12c9afbb38fa6a1552302b5b4ee8697b08358822,International Conference on Distributed Computing in Sensor Systems
192d6168fcc8c61545d53a540b3bacb2f9a4701c,Electrophoresis
1931fde46b5e3304b4436ef38830753b26039c65,International Conference on Communications
358d490f126d0cd4956d9254250344995a419dd2,2018 14th International Wireless Communications & Mobile Computing Conference (IWCMC)
4593b4c60a6e203ab460df4333a88425c57a13e1,International Conference on Unmanned Aircraft Systems
480321a3682124462a1ae231ea9b7f5c0c596fcd,International Conference on Communications
4b114c8caa19c670cf47ef5252c3aeb21f4909e6,European Conference on Artificial Intelligence
4d3cd41823d9c117bd05ad97abcb847041b49c9f,Precision Agriculture
547a4052b743ff1a89e0314171b566f2e24c00c6,International Conference on Unmanned Aircraft Systems
59b6e723850874d5e6dfdac4bee3cc4223af53be,Global Internet of Things Summit
71ba8a2cc05534cde6d5127b7bcf0d310073161c,Computers in industry (Print)
76e5e71d12034c8c6ee208c09d0854f16fe55c1d,International Conference Intelligent Computing and Control Systems
9db1ec1685531150d089470c11fe76dc6596360f,Italian National Conference on Sensors
c21402046927bb9e768f24a14ae6702a004d4016,Global Internet of Things Summit
d064f7beca4108dab106521812aa28d1b9ec9f40,International Conference on Unmanned Aircraft Systems
d6c50d9bb360744f16feeb5c3ece461f7aab23b4,International Conference Intelligent Computing and Control Systems
ec10e6dfcad9e2b6eefa73d354e07331220a58d9,International Conference on Unmanned Aircraft Systems
eece67d3803c63e7352cab42df70c04dd722ec96,Global Internet of Things Summit
f2b3a61f647ceb7fcfb8bd54d572e1d6e67a143b,Journal of Physics: Conference Series
578330652f976b4703eb89636714553d1019c29e,Analytical and Bioanalytical Chemistry
752ad24fe0d7887c85fcec8779569b9ed0697940,Global Internet of Things Summit
ebc2d97f95deb885930c00a66f19457da0851252,Vegetation History and Archaeobotany
89f35e89963d220bc83bb5d5897c13422ecdfd3f,International Conference on Intelligent Earth Observing and Applications 2015
9acea6ffa36165a8bc41e26700f8c091ce06755f,"International Journal on Advanced Science, Engineering and Information Technology"
adc9b3946adf93e7c2914169e074d250fd400d11,Journal of Agricultural Sciences
dca5fe01b8fd3855435bc96faaa0b00fbc3c9f71,EURASIP Journal on Wireless Communications and Networking
4abb3db338fb5ced964f92059ddebfeb2d21a532,IEEE Robotics and Automation Letters
514b861f72f3b809c1e09cc7ed6c5186ad53b529,Remote Sensing
93e9611ac5575cb2753459899470b09d3ae221f3,Austral ecology (Print)
8b0f76ab3f7971a87c21cbb94946641db30417c5,Environment conservation journal
2bea66872dc842b0b38454eed15a08c1d0b4c619,Rapid Communications in Mass Spectrometry
d63aed16401591c357b7946797991e9bc3e5b9c8,IEEE Robotics and Automation Letters
9050a2c7c1cb3e6650a5c630f973874c4047fa03,Wireless Communications and Mobile Computing
0f35204deb958d6a5f7894554bb8aa9ecab3052d,Robotics: Science and Systems
7cb2f13f1f8e666429aa928f9ae27d36d37665c8,International Conference on Future Networks and Distributed Systems
d2aa0548d1709dd524bdbb66ec3a0b99e2f88f3e,arXiv.org
3614634e92f035ea71f2ff22d809817fdf5c026f,International Conference on Image Analysis and Recognition
b7c6bd604e608eb403264e3a15bb7a2f35d00c92,IEEE Access
ed20c940b5a23d98aff54c1e42ae12bbbedc6656,J. Field Robotics
c1033788364a0b21df058d24e1ca8cd4ff146ab3,"Международный научный журнал ""Современные информационные технологии и ИТ-образование"""
02433964198fd8f8ca2f7894ef7b108a6f4c77c9,Cybersecurity and Cyberforensics Conference
1f002cdfc48fc620df218574b65e482aca53ac7e,IOP Conference Series: Earth and Environment
2c0cca5743c9f3b9d52f342082e592014b21333e,IEEE International Geoscience and Remote Sensing Symposium
327bbdf456332c209b7fe2465b591ebffcb3f435,International Journal of Agricultural and Environmental Information Systems
51712713c97e3a3cbfb431781103eb7ee86eba2a,IEEE International Geoscience and Remote Sensing Symposium
59de3fadd8725ded64f63d5d3867c2e7e88b649e,IEEE International Geoscience and Remote Sensing Symposium
6d6b8bb75b34f01282f35324473d87f6d12d9162,IEEE International Geoscience and Remote Sensing Symposium
762965f276a3c50485586c625e2c581e19796250,IEEE International Geoscience and Remote Sensing Symposium
97c9397492950a7e04c69a70452048575cbd8334,IEEE International Geoscience and Remote Sensing Symposium
9c4b6875baeb4a12f3f73d69baa9634be6b40c09,IEEE International Conference on Consumer Electronics
a7bc85f43df4b2ef8dccd1fc493a7ea53e24fc64,IEEE Congress on Evolutionary Computation
ae0856726cb04b3b7fc54bf59737a6155545b96d,IOP Conference Series: Earth and Environment
b42e5166e7093b47980de4b3870eac77e0298ec7,International Conference on Industrial Informatics
be0e04d912079bd38c6664a31b1f6330b5b25487,IEEE International Geoscience and Remote Sensing Symposium
e66922598ab9ef85b1ca589770c37ca844dfb74e,IEEE International Geoscience and Remote Sensing Symposium
e8f3eec6fd514fe4ef23af2c3105c79f28e0c684,2018 IEEE/ASME International Conference on Advanced Intelligent Mechatronics (AIM)
ea26ecbeaa9abd7b45430f42b582f712af2fb431,IEEE International Geoscience and Remote Sensing Symposium
f77c1bb7f0f1fb8ee7aead2bfeaf69fc10759ac8,Cybersecurity and Cyberforensics Conference
fc9fc5903a8f4d73f426fead19b70caa32c88fd4,IEEE Transactions on Automation Science and Engineering
c87597ec199846ad961238a3ebee0fa893e946b5,International Conference on Image and Signal Processing
0331cda8caa691b10274fb8e1c9dc2ea847959a6,IEEE Robotics and Automation Letters
0ff922fc1bfd31057276ac7bd00e5fa68f607f2e,Canadian Journal of Plant Science
7aaa4a360cc530f8262142c39b115a323b63a1bf,Complex
79c941eea37f4884dd845305eccf72da0e43555a,Journal of Intelligent and Robotic Systems
c6e5896b246d660986261cbb72f888edab411b2b,Remote Sensing
9cc50f34248c9101b6094e92b96beb9078475fdc,International Conference on Computational Science & Intelligence and Applied Informatics
224995467674afc1bb26e739e302b0ec69645c05,IEEE Communications Letters
19219adb2794a1e7a4f06cbf09c7a4485997454b,Precision Agriculture
257cc715b1677a69f9db1e0e03aaefb2260069e1,Precision Agriculture
3948d53b9b5576f88514114fb28133e245189458,"Water, Air and Soil Pollution"
7f9021c50f421a80b4c57f179e14058af65ef2e2,Chemistry Central Journal
ca969f3a53ec9a7bfee4d8198e7b1a36e474c63a,NIR news
a0466fbb2e72dae15e3eef34b5126aa99fa7dbb6,Phytochemical Analysis
cbf1a2c9cf241b866b310178005cea3055493256,3 Biotech
3d106f20992abedd7d031ab775aa1106ab52b6d0,Precision Agriculture
c3491428c6bb026a987a68626d3858f79da834fd,Precision Agriculture
6ef5122fd7b16865e3581f44f2b0ada607c916a9,Machine Vision and Applications
e1d4781b6b08603d2029a75fe447f1e4c09d1b59,International journal of scientific engineering and research
27a918a368e971a15b545abf63353e269a8ce8a2,Remote Sensing
377a2955db5598fdc6a8201487e4d403aa1ce6b6,Frontiers in Microbiology
9944ee9b7e6f4ef3b51d289eea52b461792f6320,Int. J. Robotics Res.
0d8855ad4c89c0728e026042b428155862f62055,International Conference on Agro-Geoinformatics
0ecf4679680b5e0f07051c67e502dfa8de1e22b9,International Conference on Intelligent and Advanced Systems
192771797e8da82d820b3d3badc643682a31aa8b,International Conference on Agro-Geoinformatics
38149f5ed0e17383ae6468597c140464933edf88,"2018 2nd International Conference on I-SMAC (IoT in Social, Mobile, Analytics and Cloud) (I-SMAC)I-SMAC (IoT in Social, Mobile, Analytics and Cloud) (I-SMAC), 2018 2nd International Conference on"
3cab253479af8c7e051b2878da6bb526df67ea82,International Conference on Agro-Geoinformatics
4312dd693e6708254a724e9d78b090a320e58dd5,International Journal of Applied Earth Observation and Geoinformation
449d0296c8fd06c0c965be51691a6517b2fb28ff,International Conference on Agro-Geoinformatics
4715a7daaf37aef053371401a48f7ca87ef1bb18,Italian National Conference on Sensors
482b3c5ab92ca66b53c90a6b1ce10c0e5f072d4a,2018 IEEE 14th International Conference on Automation Science and Engineering (CASE)
4f60f12a8f0be4713860cae3064618e474e0ba95,Journal of Physics: Conference Series
6750dc81de5e529c714f02d6dd6970de94852e34,International Conferences on Computing Advancements
6c353d6add8a8f1f646bad1c22d48829ab8330cf,International Symposium on Robotics
6e4b96a8d19dde057484836f5d69ae2a4ed3f0a2,Midwest Symposium on Circuits and Systems
78f232ab1d6001acc6c332b75777c0d531d0df0b,Computers and Electronics in Agriculture
85108e73da0a0fda395c085523cd9665fba31840,CATENA
874b2b37fa1a87d87e55a486b6b661451886088d,International Conference on Agro-Geoinformatics
8abea65eb9ed70cd3580ef326b97dd610f6adc6e,Italian National Conference on Sensors
8b74af5e2094412e2fb37eebe66ea837fc8116f6,2018 IEEE International Conference on Mechatronics and Automation (ICMA)
8e8ae3b3af8483b70e9604f227147ed956eb4638,International Conference on Agro-Geoinformatics
b2555bdc5bc0a4fa3e61796b22f777f980938fc8,REVISTA FIMCA
c555707410939142cdd86e9152bb289402b893ec,International Conference on Agro-Geoinformatics
cc364a8a308b2b2abb26860de6372507089acd22,"2018 IEEE XXV International Conference on Electronics, Electrical Engineering and Computing (INTERCON)"
d13e6c92641496eadeb185aebf34e0c779fbabef,International Conference on Agro-Geoinformatics
d3a4130d8db45ec7c4668a18c385a04ed2659c49,International Conference on Agro-Geoinformatics
ecd9aee21853e26c6f337a47ddf663d83e348d4a,2018 IEEE International Conference on Mechatronics and Automation (ICMA)
c58fe08a1833f0455253231c42b1ee40eec03c5f,IEEE Access
26db6bd99736136978ec56d0e3da092e891f2cdc,International Conference on Remote Sensing and Geoinformation of Environment
2e2eaea858bcf8bbf7bf575359fdd4eac1d22661,Psychometrika
4275b045675cb416ed2e5ae58a25be4e636879c8,Simulation of Adaptive Behavior
5657a4a29753a68c60a682f6e956cbb02efe3deb,International Journal of Computer Applications
775272b11cbd8422f2e943cb861141699a55274e,Frontiers in Plant Science
812d606c6095ef2bf40d721b6a5894a8e83b3609,IEEE Internet of Things Journal
b53427a22baf0aeab746ad9029d3a67a07560331,Archaeological Prospection
0067d4c3e173138fe913b14ef2e619ca4f5a77d3,Precision Agriculture
00b72b92171de69c7d9bfedb1678a53fab57bd68,Precision Agriculture
27ae10b3fb8732b34a00568f87216b124417faab,Landscape Ecology
d17e27b2ee01716f769059e9f6a7e04b8d770c22,Landscape Ecology
b87ca30c04325d0f9c97b645f9df1d82f7c4ceda,Journal of Separation Science
6ebe6306d1bc8613b4a28b97d9eec33db83daf5a,Harmony Search and Nature Inspired Optimization Algorithms
21af1b35e66b8627b4633fffd3d539859e4d23d8,Modern Sensing Technologies
b67c4be42af8be60e8d368a168a289e3ddcd2ce7,Annual Review of Phytopathology
1f4c7ea31572183903975ad244387812cd3e1b63,ISPRS Int. J. Geo Inf.
773c7e0da1506f669460afaa09dbe4cae05ddcca,International journal of pattern recognition and artificial intelligence
a915001ca9822da85a5a1e822a7da5a7bf667956,Optics Express
6e4753697b128f0ed20cff94d2ef6a0e850762c0,Journal of Hyperspectral Remote Sensing
05e488ac7e88941cf9131f1b18cca5f97176bf98,In Vivo
3fc2287e19cf80bfc06a01d5c0058882ea390f1b,2018 Indonesian Association for Pattern Recognition International Conference (INAPR)
4ecb42955434119af30b5754e4e5daa7090b90df,Workshop on Hyperspectral Image and Signal Processing
50f48e12a8dad16387e38c9aa579fb401622d1fe,Military Medicine
5302d83eaf3d4f2cc366938ed752c29d0607e54e,"International Conference on Advances in Computing, Communications and Informatics"
76275d9afe0247c6db8a67a7a3bc111db49e67e1,Nature Biotechnology
7b2d66632333d64b3382402891e551bdcb0b719e,"International Conference on Software, Telecommunications and Computer Networks"
8c105ae39765e32e07a79e8a8ee68b08dcc2200b,Nature Biotechnology
8d4fd98d2f931444ec3d771c447af3b6953b3492,"International Conference on Advances in Computing, Communications and Informatics"
a9da37d86a7145bc33063e247f18667e6697275c,Journal of Physics: Conference Series
cacfa8b1ccc8591e6f194700df57a701c162c9aa,"International Conference on Advances in Computing, Communications and Informatics"
ecdd7f5b8423248a23eb23b3ebc37d45a17b51e9,Science of the Total Environment
f6c46bd90b3a445903b683852efa1450a12e85c7,"International Conference on Advances in Computing, Communications and Informatics"
fcd63f2cd29f622f8a05b37e86009bc5b01f40ec,Nature Biotechnology
326c0a98bf63d7fe43301daa3467e0624093e907,Sustainable Development and Planning X
2079500668675a6351f61d58440976a98bbcf5a4,Acta Agraria Debreceniensis
3bf79280c601da968950989a3daf300cd57a5e28,Intelligent Systems with Applications
0f96ea1b9e75c4b38e6f3188a173975f0f53aa7f,ECML/PKDD
a574681c45911af3c883f17a5a85222af7410c47,Interacción
3a0733f58b76fc82ab5b1c89d21003deb3938e78,Journal of Agricultural Sciences
69d1feabd8573c193ef5d24813eb5f4072a31a8e,ACS Synthetic Biology
751181ee61bbc664f621bc3f5812fdcae5c918bd,ICT Innovations
93270f45924ee7c7fd6eb6ec534216dc75789736,Remote Sensing
a4c27e3817356699a81698c7474c89725aefc0db,Working Conference on Virtual Enterprises
19e3345625869741e24d7712e5739787d160d49c,International Conference on Computer Networks and Communication Technologies
615819bd49a75379705a03f7be07fe880f9dd2e3,International Conference on Interactive Collaborative Robotics
7504afcbe96266f0cc4c16565e51b24f38820e96,Frontiers in Plant Science
b5caeaab8744ee8ec5216ef712c89e77343dc28f,Tehnički glasnik
2fe7a4e9a0c44872b6f1ed78fe2219f7afc0e3c4,Neural computing & applications (Print)
3bec5f7e70593f55b453808aca74b33161b7dd86,Conference on Computer Science and Information Systems
e7fb2de4ed327a53b66f430484a669745b12a662,International Journal of Automation and Computing
49cdaa7e827f41c2f26407dc492d6c94a69a85c1,Natural Sciences Education
f282b957e730dd43bbf7fc9889b183977326f97c,Advances in Analytics and Data Science
2a32114210183e24098f1f84cc1983aee8c0a9a6,Remote Sensing
103d00cf23186050c47b2942ccaba2ee0052b988,IEEE Robotics and Automation Letters
160229d387b2d067e78dbb54e2288e347eb40955,Italian National Conference on Sensors
18e4072971a1e32ed776b342bff9adbd15765509,2018 IEEE 7th International Conference on Cloud Networking (CloudNet)
201cdf34e9b5398d013073ed5442784507ac4c15,International Conference on Autonomic and Trusted Computing
233dc7c78affb6be391a37c59ee126761debbec1,International Conference on Autonomic and Trusted Computing
24696daab4cf7795fea37000108051ea6d9cab23,Computers and Electronics in Agriculture
7ad5089f83022eca5abc04be50958a90f3a84575,Biophysical Reviews
7bd8270597171a677d2be905dd1000e2fa1d1303,Conference Information and Communication Technology
99ed42d7018caebe4c917c638a6dddfbe7703206,"2018 International Conference on Innovations in Science, Engineering and Technology (ICISET)"
a298c595d79394255a265bcef8fbf48b9767ba6e,IEEE Robotics Autom. Lett.
a4aadc04d5eb6ab96e4da9bac4b8555ace6e9cdf,Information and Communication Technology Convergence
c0b1a054125f7e2e0c66ec829d52de0e60cac28d,Journal of Organizational and End User Computing
c0b888e0b7713934ce45fdfa4e425affe1e360fc,IOP Conference Series: Materials Science and Engineering
c2ae5ce8d63df56eda02a3a0a2e3f36ecf0c4e43,Italian National Conference on Sensors
cb71d8856b393349b69c8317e39347c5836af40f,Italian National Conference on Sensors
db2783813c1071e47f55385454f13cc55dc8fb16,International Conferences on Contemporary Computing and Informatics
e8ed736a9f434ef96ed5d3e3708b2161d5048e09,Italian National Conference on Sensors
f36ce6b107b0cef1b76f18fa77351128201109da,IEEE Robotics and Automation Letters
f42c1b02936be798aac8b35715411047fe0432a8,Conference Information and Communication Technology
fc06ac60f4adf821276094c97eb8cbad8d1d9169,"International Conference on Control, Automation and Information Sciences"
ed267c24daa938c55e0d59dc7433e00d08015d31,Journal of Agricultural & Food Information
5e6f1bdef505c9f01b45e2c47ba1e653632aeef2,International Conference on Advanced Hybrid Information Processing
17875946bd00cdff3a49cc842208fed483ce6118,Huan jing ke xue= Huanjing kexue
0d479ac45a1ed43ed8522fdf7dcb00f509ee9624,Research in Adaptive and Convergent Systems
8404248787396ed59531baa1a0761656cdb8877c,SSN@ISWC
28331cbfbf0017d2ea444505bc27161a4b3b687b,International Journal of Current Microbiology and Applied Sciences
809c00b903c3914c97f8c311f3ab5bc774bf1366,Remote Sensing
a883bd30b637c8a9f13d9b08b764cabd8eb4dfa0,IOP Conference Series: Earth and Environment
e7ed12b65ef0c0ad7cb7839cb8e87d742b497564,Conference on Interactive Mobile Communication Technologies and Learning
87e693bdc67f2d24776fccffd67223048e797c5f,IoT
de3b6fc640f4ebd59b1440920f9a55e22bc47451,Journal of Supercomputing
6ad0e35c83251a8d8d9baf2d6c5eedbce5a7ee32,Journal of Agronomy Research
9b73869f67b70529d486bd38e77fd079361fd39f,Environmental Monitoring & Assessment
46f8b29d4aebdcee0d5bdeab051bd34d4cf6a8bb,Journal of Mass Spectrometry
ee9c82616e76057ef4297d3776d5cb5062e5cab7,INTAP
1541f26d9e20b280b40bb5bbe0ad36e7395d2615,Nature
dfffae1d31809d66e7b27b8373db51e89cd2a0e3,Molecules
e0ed214707db6786ba4489b0922aeb5d5d4cdde4,Remote Sensing
8176f88be286f7746e3c436930d716038f12a520,Applied Geomatics
b8e49b9bfa1958476b12dd749eea8a5c5f216d1a,Scientometrics
10824659df0b578988c35b0d455c8c6f083a9155,Journal of Physics: Conference Series
12028db132e2fe5b1db13504b974c946de93f93a,"2018 International Conference on Radar, Antenna, Microwave, Electronics, and Telecommunications (ICRAMET)"
477dac821d73c2865d3f3e2aedfdfe13f0661b93,Italian National Conference on Sensors
6c235da31091956b795cf3a3d03fd29271b4a3b1,Conference of the Open Innovations Association
6e95d2b61e3f0b16a74ad0d2ffdc246819be3f03,Conference of the Open Innovations Association
734de51e938e3f30e631b732b2fd71eecf2ab131,"IEEE Annual Information Technology, Electronics and Mobile Communication Conference"
7d2a8169b65bde90f93ee27fab5884cb9fdd22b5,Computers and Electronics in Agriculture
8aab5d0897533de6570c5464111c70fbc66ec104,Journal of Computational and Theoretical Nanoscience
985763698fcf8101b8a41c051600af3dbd51f147,International Conference on Cloud Computing Technologies and Applications
b27b0b357660890ec2f64a7f901c167e29f7256c,2018 IEEE 2nd Colombian Conference on Robotics and Automation (CCRA)
c712699d1c3a20ec45ab91163ffc6aed4395bf6d,"International Conference on Humanoid, Nanotechnology, Information Technology,Communication and Control, Environment and Management"
cb3c844309c48f50b1105c3947b81526f036cf18,2018 IEEE 2nd Colombian Conference on Robotics and Automation (CCRA)
dd1dab636043dae7234d94bb5b1de88f5eeea7ad,Computers and Electronics in Agriculture
e9e13b474e73841905f9dd953773c713e40d6410,Omics
eda38bd10777b78528130309850a9913fcaca5a2,2018 IEEE 9th International Conference on Software Engineering and Service Science (ICSESS)
ef5d0951eba5482b4035bb9cee67ccb7ad9764e9,Journal of Physics: Conference Series
f721fe25a672fb9b97f12f0ddc79328fa9982b4f,2018 IEEE 2nd Colombian Conference on Robotics and Automation (CCRA)
51f45675cf9bbde12efab4bbfa83b6b0b2dff14b,Agriculture
01baa70814b971858310794745efca18c9214ac3,IEEE Internet of Things Journal
828cf7373c484c7b8f336ec0251a1cdd7114ce37,The Journal of the Science of Food and Agriculture
3aaa56f4b38c6b2ddfd59c6065a25b29759136b6,Congreso Internacional de Tecnologías e Innovación
90672bc4be62e5b3b160883a39f2b51ee3438035,Edge Computing
d1dd7d851c46d080c8d986c8df15ccacf32b9bfc,Electrophoresis
8b714b17f0e3a70e5a59765b5b7af87532fe8fb0,Frontiers in Plant Science
5606070d348334c10754f241508911cb2e85d634,Other Conferences
82492eddb57b749ea7f66d7099010c5b8d1f985b,International Workshop on Multi-disciplinary Trends in Artificial Intelligence
337f1854a1bd84a83dfb8aa28ba9ff029d0fe3e3,Inf.
5db29d603e8e19fc5288ed3bcffbfbb6d12ab44b,Agronomy for Sustainable Development
715c15ab60fc3adc0567d8f04addd9a4308d6b28,Remote Sensing
a8582ea6fc94f2129c78cee6ccb4d9e69870398f,Agronomy for Sustainable Development
09e3a8a1ab55b399472bcf68f15760ee7697b3ef,Canadian Journal of Animal Science
90caa9b09274460c5b1867314f31b2bc383f48a3,PLoS ONE
01032be0c159e670353f02c67509615bc60dd376,International Conference on e-Infrastructure and e-Services for Developing Countries
c790e5a29c069766dc9e81b603649788abb8d383,Frontiers in Veterinary Science
25d3858594267cf05519dc06460ba8a6fc1dda10,IEEE Access
aa85e8049bc0258b69ddaf66f574084a9c95780f,Environmental science and pollution research international
01d3325a5544e4b7e6698f79d290b6e965f6100c,International Conference on Advanced Computing
05c54d7a5ed34b64190e96334cf4b1255363a8df,International Workshop on Ant Colony Optimization and Swarm Intelligence
23b00db3d93eaf1cac3f2917e1be1b9d4c17ef35,"2018 International Japan-Africa Conference on Electronics, Communications and Computations (JAC-ECC)"
2685ffdb713ae97def0914eb1c3347248acfcd32,"2018 Fifth International Conference on Parallel, Distributed and Grid Computing (PDGC)"
33c06336e7322a64981bd61bd03978e967fc6a37,2018 International Conference on Smart Systems and Inventive Technology (ICSSIT)
3723600d75bc74d3fc1eef12fa42c6d88ee44abc,"International Conference on Electronics, Control, Optimization and Computer Science"
38e0305b3e361f75d1cbd7f64ee2a15266cc21e3,"2018 Fifth International Conference on Parallel, Distributed and Grid Computing (PDGC)"
4f82fe0f8f7ed14cdbdeb28691cd4bc00ceed085,Networks
705faa8dcb8f639387bdecb80470b1eba82c4b87,"International Conference on Electronics, Control, Optimization and Computer Science"
75c6144e3e266b75f22594c8602899e2ded53c10,"2018 International Conference on Electrical, Electronics, Communication, Computer, and Optimization Techniques (ICEECCOT)"
7ecac532022e954c512d2b5789ab8e0b1c72f18f,"2018 International Conference on Computational Techniques, Electronics and Mechanical Systems (CTEMS)"
8d0662ab216352a020ed83f5b8c3ff79fa9507aa,2018 IEEE International Conference on Big Data (Big Data)
8f613f284c0f67cfc14fa94997b7a621aee01c01,Italian National Conference on Sensors
94947cdb670fe55e9d3fff9eb18cebed64eae408,Ad hoc networks
96c4544fdf21f7f22989f2f426c827551fdb9a37,IEEE International Conference on Power and Energy
9b46ab402e2d8e0f131c9f60d3aa2de1d4a9498f,International Symposium on Embedded Computing and System Design
a5c17a92b955d7e50f25d592a80844aa72823b60,International Conference on Industrial and Information Systems
d3ac4c8c3770c119bdb9dcbd0065cd6c429b5318,2018 IEEE Globecom Workshops (GC Wkshps)
e5fd3f906e9373a89d54faf1beca62034cd330cb,Computers and Electronics in Agriculture
f43fb3e98ea789401befe2132afcdc50fd7bd413,2018 International Conference on Computational Science and Computational Intelligence (CSCI)
34996ca190d4a799756e0e257ce8a08f114138ce,Irrigation science
24757ca99b8805eaf7525412ae727a004a914c8c,PLoS ONE
1858ef39343f644e37dc2005c86e3f0075fbc33f,IOP Conference Series: Earth and Environment
a88e5e039daf19e80b15a7cd8a1c8e8cc9fe2871,International Conference on Intelligent Systems Design and Applications
b5c907fb4af8125065fb56b166507ae813912b47,International Conference on Intelligent Systems Design and Applications
ee7018588fc960fa28d257be1be851bed536a90c,GigaScience
f0d63efdf2d6961b14c55a0b569fa1e8d9b4a442,Environmental History
1f0015f039167954c67114a0e909879d7a11d923,Food and Energy Security
07a94a60b7bde45de33153f7333e1e5b749a9570,Neural computing & applications (Print)
4f6c72070e08dcfc19041e046f1a37400f049f80,Scientific Reports
6dc063795678326e50b954b4a06d7f266b517d38,Remote Sensing
d9c9c64005482372426ef6c8272a9145351de78b,Australasian Conference on Artificial Intelligence
b4337408c550b531d0caf18295eb5ddb7787a79e,Advances in Intelligent Systems and Computing
03c09252250eceb21a315649646c5d86a2207127,Remote Sensing
abdec0b45dcd5cf594258ea5a9d87adfdfb1a677,arXiv.org
dafd56aadb2f671633aabb2f67614ee1d2de2c4f,"International Conference on Network, Communication and Computing"
e293d0f6fc7151b6d1a8a0d7cdf6ef9140b8a74e,Recent Advances in Computer Vision
b8b9a0c6ebb8b3b6e676495a7284314e1001a23a,"Indian Conference on Computer Vision, Graphics & Image Processing"
059341692ef4d6555a2080db7b506e609cfb4f92,IOP Conference Series: Materials Science and Engineering
d443d80543e3d60db8efd78ce5990b76e7018483,IOP Conference Series: Earth and Environment
dd818ad6796648707fcf0e4870916260ca5e5e23,Remote Sensing
909d5bc0e1218e27faa43d14b71838656a129c28,International Conference on Recent Trends in Image Processing and Pattern Recognition
b334ec1dce794a60ab91c09fc3f4d86378eeaa8d,International Conference on Recent Trends in Image Processing and Pattern Recognition
c228dc9c9a4e82016afa802992c4c65fdc3fc1d0,PeerJ
ad67a8f0dc20d62b841217c05aabf241943f2c29,International Conference on Industrial Technology
000f4079fb3f5463ce7f5e566b541fec68a91f02,Big Data & Society
3849538ad2f7638c3fad12365187ab97f44b5695,Italian National Conference on Sensors
525e620701f43819949d4a0b6af3da80ad8aae58,European Journal of Soil Science
58db35902ff6db5c56fe8af8a784ce6e26e868e8,Topical Conference on Wireless Sensors and Sensor Networks
78779eddb621a4de03ac8f0a6734237677cdb185,Italian National Conference on Sensors
8c807ff1469022168c0640cd2f6a48785b348720,International Conference on Information Security and Cryptology
ca8e217b5e1a344694c30364353c0456b6afea71,International Journal of Agricultural and Environmental Information Systems
d8b5dcbf80bd2c26ef7a1cb82f5150154e222b0c,J. Sens. Actuator Networks
de13bf5a55def40f2961f51d60cad2aba49cabb2,IEEE Conference of Russian Young Researchers in Electrical and Electronic Engineering
6a337b608d319c2b1a34b11a303c05cf076b699e,Systems Biology in Reproductive Medicine
da0cb2765313ceceefa59384cc42d4eb9504a860,Mammalian Genome
62e3fe6d6e594cb33d74250b3d830541e4eee839,arXiv.org
01b3ec2ae24e72bfc4abfef5749155a97d156aa6,International Conference of Distributed Computing and Networking
5f9491747eca33eb0a59f00d536a65b378d27a7c,Frontiers in Plant Science
2534e2a3aa3da4e5e692e227f416b6c0d2ed185d,Precision Agriculture
5b24ae57056546ce31b648bb45daea81cea1844a,Nature Communications
a72eabbdbe34d4a6b49a66be1def486210506220,Precision Agriculture
ad0578f8a9c5a06d1780fb1d1f673174f7f6409b,Netw. Protoc. Algorithms
2a3b277875a19b079187f7caf3633fb653c7b467,Neural computing & applications (Print)
db1acc96dc80163a0490f2906b0230c3db2abe5e,Journal of Ambient Intelligence and Humanized Computing
fa91b06d6027db3f58d7601c82047ba8c6570b4e,Proceedings of The 7th IIAE International Conference on Industrial Application Engineering 2019
00e65f396b4febdc799e03c997608fbeb1035905,2019 IEEE International Conference on Pervasive Computing and Communications Workshops (PerCom Workshops)
4c30f895b856450e96842128a8fd3455e7d94332,Horticulturae
8e46956718cd185f1dc1da3f74598e5cb4947477,Journal of Agricultural Sciences
1fe18a91d3abb2962f0de40d1cb55a71b29c4c13,Italian National Conference on Sensors
8c7fa9554883d5cec80ecc4d777dd7f49972c649,"UK-RAS19 Conference: ""Embedded Intelligence: Enabling and Supporting RAS Technologies"" Proceedings"
c875f44c209617d7b790ce28b0551920dc9496ba,"UK-RAS19 Conference: ""Embedded Intelligence: Enabling and Supporting RAS Technologies"" Proceedings"
d9557be5b9602a9a6562152397d7457acb14fce0,Remote Sensing
37cfaa1d2854444df0830c08e16f68c00015d705,Remote Sensing
162b64c49ed1460505b0e472d863ba9db2dce535,PLoS ONE
0dbe512bb3263c84f9d6f2c27ce22b613f2e5bd0,Journal of food biochemistry
4bcfd004bd2ad604bc2f792a02f784a215978613,Proceedings of the 2019 International Technical Meeting of The Institute of Navigation
246900e703d9fc69278d1bf37931090801d9e3ce,Future Internet
387cd4740b664e4598817b5d1852cdcc8c49d874,Computers and Electronics in Agriculture
417cea3078bd2b918829e12434aa6ae3b461136c,Trends in Plant Science
4bb63656c4569411afad325386f9ee6ac423bed1,Irrigation and Drainage
5a2a3c413f5da7711175f8fad8e46048b42f8138,IEEE International Solid-State Circuits Conference
5aba0bcf8ed32cfae9edcd7d60269295706e8157,International Conference on Robotic Computing
624912a383a0397581849f4b3a4fea98a0a859f2,"IEEE International Conference on Electrical, Computer and Communication Technologies"
7d968820a47048e80e166d83b06dc9547fb97132,Journal of Computational Methods in Sciences and Engineering
a2ad5e8d419b8a6fed5fdbc1469b2b413e7ab9a9,Infectious Diseases of Poverty
b54c8e95e28de104dcc29368ccb4b4146317a53f,2019 International Conference on Range Technology (ICORT)
b985e6fa6081d0dace1bf57f661f0d6155d69931,"International Conference on Electronics, Communications, and Computers"
c4eb88a25d4bec366d8eb0085e8e52d53b453254,Precision Agriculture
cdbeb479576bd4e024c01b7e1c1e1c81a5cd68b6,Italian National Conference on Sensors
d1778a519d73c0dc552266f0bffb660e89194374,Journal of Clinical Psychopharmacology
fbaadbc0f38dbcdf16359a1b4f36bc50fc53b02f,Irrigation and Drainage
8c161e884a62188da8b23bdc90009f1fca1ee834,The Review
60f1445b5e867f960e1a6cd99db51a965a2e9006,BMC Infectious Diseases
5566a05ae66b61765a9523a9848b0e606251d095,Remote Sensing
85b0116f6ea0ec625a865015b9276cad9859be42,Agronomy
cd90632c8cb102e7c2872c3f7a3e72639a461e9f,Annual Review of Animal Biosciences
772a119c1b4f37e374a2f1aadfe3ecda0fde64e5,International Conference on Software and Computer Applications
ecfb7d22f607e34c31178b70d860022810d3ab11,Archives of Computational Methods in Engineering
207f7b545a1c3367a175db858f1302be1b1b2572,Frontiers in Bioengineering and Biotechnology
563c1aca353da1bd6cf6f04d46b3f5c999fbe5d5,Acta Fytotechnica et Zootechnica
e80603df3619ec359bb39e7e5e748bba46579e05,Journal of Agromedicine
5ba791950e5bab2d7fb85e749c24babcaffbda8e,Journal of Food Protection
5c52bec242ac371c1c223f184e689871d2fab935,ISPRS Int. J. Geo Inf.
66d3da40783617c00c9d36f620cae5db2ec46b13,Frontiers in Chemistry
88569bd546fce79c64d989d1fc3df0b1c137d9f4,Journal of Environmental Science and Engineering B
e7575c00fc4c33337b8cde27cb1e194bfda7511a,International Journal for Research in Applied Science and Engineering Technology
10be53e83dca9f6ca9abb6fc94463761ef4dd9ec,"2019 IEEE International Conference on System, Computation, Automation and Networking (ICSCAN)"
118e8d7ec916e17443ac63e5d8abc68cb08a792f,Italian National Conference on Sensors
15a1d91717a201a1c0999fbe8bd17c67ad99ec76,Cluster Computing
20ee2b1ce278f61c9785cc52878207b627d03fec,"2019 IEEE 3rd Information Technology, Networking, Electronic and Automation Control Conference (ITNEC)"
241f58d5df56c3ea01ce28cb9a4d74a2111280b0,IEEE Communications Magazine
292e93f8f31c2f984c0b2a3007a0fa78565f98bf,URSI Asia-Pacific Radio Science Conference
34e7cec9d19d9398ed01564e6cf7b9c8b55e9834,European Conference on Antennas and Propagation
3b1c19de256f6e395fa04bcf22b1884545c8255d,"2019 IEEE International Conference on System, Computation, Automation and Networking (ICSCAN)"
599032dec2bf15f4d2b1ce920b715a5062800010,IEEE Transactions on Geoscience and Remote Sensing
5fc57dbd8a70323d60efd1fca1eb0637411d8b65,Computers & electrical engineering
6ae77e18c8de78e977b26af3d0478ac1893589a0,BMC Bioinformatics
7dda8e8f317ab0818fc12506dffbbd64f51c345f,"2019 IEEE International Conference on System, Computation, Automation and Networking (ICSCAN)"
819d8bff035ce860d317a8062c9fab3c2b84ad1d,IEEE Aerospace Conference
a384d83d6d1e01c0c82aea8d9bdf4597b2724bdf,Metabolomics
c5fa5beb84a613508e96e603a1d66e43e8e823ac,Journal of Physics: Conference Series
d295e6589e83a659e3d5974d9ac4b5975bfcc753,URSI Asia-Pacific Radio Science Conference
d4b633449605df5a59f4ef3e388993e0b1a7b667,2019 International Conference on Engineering Technologies and Computer Science (EnT)
dd4f6854347e7bac4b7268cbf80b8c4580b34c0e,SPIN
f4832b5f0de3aca25ee37345212122c8a12518c7,Italian National Conference on Sensors
fa9bb2ccc87d843ffc7f67b27c42053dd024141e,Toxins
abae0aba70deefad57cc42da3a9487ff19fa8562,IEEE International Conference on Robotics and Automation
be8c2889004ec3589bba091679a2f4cdb552707f,Remote Sensing
7ef4c6611326648d350a9dd3dd2d5f67a8d3ef78,Frontiers in Bioengineering and Biotechnology
e762af178ff2636fcd67151ef393e34d1e843949,Remote Sensing
77c5bf3cc6eedeba9b2b5e8d4927c5bab1c0901b,IEEE Access
0e30af1c9c4391467b71c71e33e99004bd1e0401,Journal of Intelligent and Robotic Systems
a7ef79410b67cd4588814052c33057ca17b85b46,URSI Asia-Pacific Radio Science Conference
b154440d961d904ca827a1ea8095a5b1809747aa,International Conference on Evolutionary Multi-Criterion Optimization
96b5f242ddd426ee5b443f03c932cb7e22adf042,In Analysis
f724ada557fbd582a7366a9af2d96fd446c0af0b,Journal of Experimental Agriculture International
9b980b031a9fc9738fb52c5709727ccb92be683b,International Conference on Bio-inspired Information and Communications Technologies
66889df343ac5eb1d017350e303071c1cc30f79c,Social Science Research Network
79608ed06d15c15d6a0d72d9add80c4e9671fc53,EAI Endorsed Transactions on Cloud Systems
7d82c6a41e903bd55170633d13bf59f0a3050511,Rapid Communications in Mass Spectrometry
ac6918d7fc45f4e2d08616972b025287e567cfd0,International Conference on Machine Vision
af0282c5d197920392dd4deb2c16d1863544073c,Journal of Environmental Management
46753ad9f0ccc549db8963dd2972b602435e134f,International Journal of Environmental Science and Technology
a4db60a921bc888c9a6e793a446f59b4f9cb90ef,Climate
a8ea5948e7f52799dffb23e4aeac9cb048f80335,IEEE Journal of Selected Topics in Applied Earth Observations and Remote Sensing
7dde009274a2c2f1e38db58a4861df2480a0e2a2,IEEE Access
05603f1a5d20db1dc50186e1121d0c7bf92be4d7,ПРОБЛЕМЫ АГРОХИМИИ И ЭКОЛОГИИ
eb4c5f3f72800be8629d8f27ca45381aafa2b8ef,Journal of Computacion y Sistemas
c6311bcbaf9903115f5ff534c6cc9f55db623873,"International Journal of Modern Computation, Information and Communication Technology"
e065169f7202398a5da6d70bcb92a3e168536ff8,Remote Sensing
be73cd6e6534316b51a089e39e11ca0da8bfd637,Plant Methods
053a03dad97cf7c3545ab1bfb363df343a59dba3,J. Field Robotics
7e5ab2c84e9edcc2456110390601823be010eed0,International Conference on Future Access Enablers for Ubiquitous and Intelligent Infrastructures
ae7d6a6c8956c8d09538b83b2656d7111c758c59,Precision Agriculture
7adaa99179dac7563601f58319c71cb595ea37cc,IOP Conference Series: Earth and Environment
3b0608fa86bfe8351ad69927d1fb99208ebc533c,"International Journal of Agricultural Resources, Governance and Ecology"
0ca6029fba3c21840652808ca5c8760f39f76216,Applied Animal Science
1c65713e138b775f9a1ce9da2bd58264bfbef394,World Forum on Internet of Things
25126d588313fd0e935d602208358fd5aec5448e,International Journal of Agricultural and Environmental Information Systems
296c610d6ef2aaffa8d608f7a75f84d036ede900,Journal of Physics: Conference Series
3df588a93cfabed93cd227b1b6fe6b66708c18b9,Molecules
503a2267d1042882ca825da06b173753ea53eed2,Precision Agriculture
5e604489e2ba689a74f57bb52966754ba4be1cf1,Wireless personal communications
63f3961f35cd8412700b011a69d894a5816fd50d,Horttechnology
6ab8fcaa80b173db460bd2985a43bed55016e489,IoT
73fc2a6ccbeb8d23f6eea4b001ed6bf813705626,Animal Frontiers
79d8b29fc657a23928e2d95fa6553cd4e1adceae,World Forum on Internet of Things
a5e53e28d1a01c15b6381c6a9024b87c3e536a5e,International Workshop on Intelligent Networking and Collaborative Systems
becc7f35629110ba0bd3e1feba32da80d0eec2b3,2019 IEEE International Conference on Autonomous Robot Systems and Competitions (ICARSC)
c605022150f75afa1cea067dd798a11f7a3ad9ac,Italian National Conference on Sensors
dfad534a3669c4f5cb874f14ece9e0eb42d98ca9,"International Conference on Cryptography, Security and Privacy"
f3ffaae4d6004aaac0d79a5cb903bd91a1f43691,IEEE Transactions on Geoscience and Remote Sensing
fbed87e4b6d624abce24d3c79053b80b68fac2ae,Wireless Days
ba2ac4f146802b0332f44e01b26a3357dac5c6cc,Journal of Separation Science
d7f95567e32b2dc41ea29545c92f673579f8b990,npj Science of Food
2beac7435ff848be280929b25f76a9d826527d9a,Environmental Science and Technology
f92288225ea0b81cad98d9e4506cbb176757054c,The Review of Socionetwork Strategies
3165b2c4cc557cdf00f6fa15123f422596407b18,Concurrency and Computation
cf941ecc81a2fbf65d802e5b088754fea776ad27,Asian Conference on Intelligent Information and Database Systems
ee4f324ce2c24763bfd8d2102ac33127aa93ee6b,IFIP/IEEE Symposium on Integrated Network Management
0b77688aa17c9bbce788bcb3b56961adeb02fdc1,IEEE Access
a52733321ae6a07cb9dc18c5adc9bd2e00c34073,IEEE Access
feb683b180f59f92f4b0799953081307a512a93e,12th IADIS International Conference Information Systems 2019
e25f01bed5ad7e9275e0a95ce6eac39742014011,Symmetry
3e6d7ca07208646e375f46066935150f5d5eb08e,International Conference on Internet-of-Things Design and Implementation
505b727a826ebb4585c9a34f006788462f2cf713,WorldCIST
a42f0a1c1fa66d3b3e2a4daaa40b1f34833a30e7,Frontiers in Plant Science
31f0b284a278c3a976482d61ddb666f79c0293f5,IEEE Access
057ecd70dfabcb4aa045a617f17c60d100e03350,Environmental Reports
9a58c3b1c72949297564497fba5b102897ec1cfd,International Journal of Current Microbiology and Applied Sciences
4e0f00bdfce4797e503e18585056020b3d83e43f,International Radar Conference
a2b176b29e12df845586f550076925ce5e94c46f,PLoS ONE
f99ddc286c182701cf6659dd9fc561f4f49ac174,Inf.
1a05f50b7e9c596a1f87c04b2d14958e74bd4834,Chimia (Basel)
fd66d0e7205003c71d76fcf2bf69f5dc9a469328,2019 3rd International Conference on Bio-engineering for Smart Technologies (BioSMART)
8c42b6a7048cab05f9aeaa47c2d88d576e2fb5a8,Asian Journal of Agricultural Extension Economics & Sociology
834773c5812a7e481abaae338d330ea996197b30,Agricultural Machinery and Technologies
43de3ccbd0223b19fa89c8f983d69804a164856d,Plant Methods
502f78274a674833ff9f5d1816f00f5ee42b3e87,Annual Review of Plant Biology
815f4f9546ebc5636f74c62d2b7d8687ac8dfc78,IEEE Access
d3e4a4de6cc7fd1de376068108f63b45158b936b,Journal of Experimental Agriculture International
5eb999ef60a9425c9e48931730173f7800870448,Remote Sensing
f1a0fd5b9895840be5e278a5d76679542db81412,Remote Sensing
f409459f8880feeaf76ab920ff0be0641abd4b5f,IEEE Transactions on Industrial Informatics
018cd553400718f0d13faf24cbd208d4de250c23,IOP Conference Series: Earth and Environment
031b20cfd5b455fc7601fe03817af245d555cd70,International Conference on Model Transformation
07bb24934a64547ae67beeaefb7a99d100a99329,"IEEE International Conference on Recent Trends in Electronics, Information & Communication Technology"
0c350a9ca0c1d7014ce244736bf49dffe0666022,International Conference on Conceptual Structures
0d13c885dc41c1bf594d806a2454ce94bf92990e,International Conference on Innovative Computing and Cloud Computing
27efc22b4ab3c7e87ed1b820cd028d6805bc2706,International Journal of Environmental Research and Public Health
5c2f824ba0135a9dfacd38cdbf97b64af79e6343,International Conference on Distributed Computing in Sensor Systems
6ee938c88997ae53c9d95b865ed1d32801bf7b6e,IEEE International Conference on Electro/Information Technology
7aca1ecbacb06bc896d1d7c9b245b588e6996177,International Instrumentation and Measurement Technology Conference
88ca90a9ad0e1ad932dafa22f1f1b581a2ec5843,IOP Conference Series: Earth and Environment
890b20f84c801e62f8bbf6511ae16e4ffc69ca73,International Conference on Emerging Technologies
8beca99645b9008da573b9adc108513b93b7d49e,European Journal of Agronomy
9b613249560ff8734b961dbd3332c59c240225b1,Cluster Computing
af75b3a628277e4eeb0100a9a8242fb7b53c481a,International Conference on Distributed Computing in Sensor Systems
b019441b62ac945d0ad7116b6e13657026ce0f9b,"Proceedings of the 1st International Scientific Conference ""Modern Management Trends and the Digital Economy: from Regional Development to Global Economic Growth"" (MTDE 2019)"
c02f810f4b3fe467b8ebbb3ee1bfddcd650caca0,IEEE International Conference on Robotics and Automation
c2a704b3039260488b5fca80798d45dda2992e68,International Symposium on Circuits and Systems
d8beb423039c066552b596ba33a0f4c21c120026,International Conference on Distributed Computing in Sensor Systems
f31455f1c8c832a3f919410835621d12807227c2,International Instrumentation and Measurement Technology Conference
f3cdbd72dd0a3f0204b38e3d544aa09a5f506a33,IEEE International Conference on Robotics and Automation
ff42091987a6b9a8b5b02d6aff4bde798522f552,Remote Sensing
02d2959cf0133ac5a84dd7756f0a4968ac5fd92f,Annu. Rev. Control. Robotics Auton. Syst.
ac443edc5830e99cddab8711cc5551320c6a9060,International Conference on Enterprise Information Systems
220b8bd8d84ed7c8b005ee8a6bfa15db246132ac,"The International Archives of the Photogrammetry, Remote Sensing and Spatial Information Sciences"
1c3618e48e113b3d9451d3d49df64566dc9c9f67,Pakistan Journal of Medical Sciences
260e7c1f644b04fc509f08edb73c3cadc0bdea6d,Remote Sensing
6742beebc603c6972192c5216f8de6638e61c608,Frontiers in Environmental Science
710ec30d595a5808a06520165f5f8fde06c546ed,Scientific Reports
07428cee83af0b0f783e8a68e638a423efb0be28,"Doctoral Conference on Computing, Electrical and Industrial Systems"
8f4f72bb25fbe297b80eb29fb1d844ce8b78ed34,Wireless personal communications
9259c3ef1940722fbb7d9a8836ad749d5f0dbcfb,International Conference on Robotics in Alpe-Adria-Danube Region
88fd2d8736023e4c0dfd68284a66508a036dc055,International Journal of Current Microbiology and Applied Sciences
b1b8c20a1cc928b4463f1d0e9fc150ecdf223b06,ICMSSP
12d310588dc22bc5cea64b20fc95df64994cdc86,International Conference on Modern Circuits and Systems Technologies
0c6c8814bd252c3c2df17a7c4a793aeb037b13bc,Defense + Commercial Sensing
83b4ea5da6038425887cc5a735d20396e503e2e5,Remote Sensing
7480655c00d06e77e0a58dbc0b8661a56c6738d2,Molecular & Cellular Proteomics
ef517039236518cafcd0f86214924f37d7e4d94a,Satellite Remote Sensing and the Management of Natural Resources
0b594dc7fd643bc248c7efa92603ffa56fbbb02c,Scientia Sinica Vitae
c6b513d722e400bcb59b03f125a72be8c4fde6f2,Brazilian Symposium on Information Systems
1dde8fc7b459402cda34357a7fed736ee7664af7,IOP Conference Series: Earth and Environment
30802c91468cab85627a79955c6c713bd36f63f3,IOP Conference Series: Earth and Environment
3df16fde1acdf3d148c6b18a1ebf6d2b74badf28,IOP Conference Series: Earth and Environment
588b290c81e4bab45189caace60c57a2bb42849b,IOP Conference Series: Earth and Environment
5fdd565e597ae4d3a590f71a4383ebb4be72cd62,IOP Conference Series: Earth and Environment
4e6c9375e17d303c9057782df16d3e4e9c9357b1,Evolutionary Systematics
9838e0df33be956ba1d54d592d5daf7f358be950,Engineering for Rural Development
a719d443b1990dbbb4c3a83b738b55f72bc11d8f,Frontiers of Agricultural Science and Engineering
cc1ec3baccbb823d2f93074c4088f4f2edb58d99,Agronomy
e64e055878bc9441c7a2d632df4fca732523e130,"Proceedings of the VII international scientific and practical conference «Innovative technologies in science and education» («ITSE-2019»), Dedicated to the 90TH anniversary of DSTU"
982d3dbbf3f6db513c1d4a96273dd63a4c958a70,arXiv.org
b7b6a741e240dc4d6285ebe33c3e6b5342256a38,International Symposium on Circuits and Systems
79beea196afd3ac032cec2642c91ebcf79a94f2e,EAI International Conference on ICT for Development for Africa
c1a671c40fd7ec5c73cdc6d3386451c61c29bb94,Remote Sensing
61e81f3ffc2bc50d3b5d5b43b605827d8823029a,BigData Congress [Services Society]
18f8cf1a64937fc948ea8220fc12a78fd5b74568,ACS Omega
e6162899ba3bafc796e624c0eb3cc0adb681c50b,International Journal for Research in Applied Science and Engineering Technology
04e140474fd4696a841e87372430e4b1ebfed8b8,Workshop on Metrology for Industry 4.0 and IoT
1600e9dfbb165bf78d07ee4479a4289d8e213377,Proceedings of the International Scientific and Practical Conference “Digital agriculture - development strategy” (ISPC 2019)
1c8dd212414820f470e64ab68f90d3e74fbf219e,Iberian Conference on Information Systems and Technologies
1dd454ae3069ca4bcb6a1a3d9f450e825ea08d86,Irish Signals and Systems Conference
1e8d7b3e954d3e55baf010bcab55abeabc148e2a,European Conference on Artificial Intelligence
259b6bebdcd71a94542134fd6326680a009303eb,2019 Conference on Lasers and Electro-Optics Europe & European Quantum Electronics Conference (CLEO/Europe-EQEC)
2a546b274485ff8bf4663dd5a0832e8ee733793a,International Symposium on Industrial Electronics
2bf467cf613e818dc7ecb6262462e235930e4a02,International Conference on Unmanned Aircraft Systems
301f302aabf919cdbaaece7626099217a2ed5db7,Agricultural Water Management
46aa6cf0ae0fbcb4f4e89e3b224a63cf3880c86d,Mediterranean Conference on Embedded Computing
57592c34d97ecd4237732b3ce83a242a5a080799,International Conference on Automation and Computing
5ce04026e96bbecb5f82aa04c0d6321bc8ff372b,International Symposium on Industrial Electronics
600893e803751cac6e1252fd8e3afcf7b4a57a6b,Mediterranean Conference on Embedded Computing
732e2310da072931ee042dbfaed5b40eb7d2b52c,Experiment@ International Conference
79bb571283eba4af16f4277d2e679a53dd3e13af,Proceedings of the International Scientific and Practical Conference “Digital agriculture - development strategy” (ISPC 2019)
80a8a8ff0ae39077f03eceeaec7d170285287c36,Global Internet of Things Summit
86faec473f6d55c73b3ca82d7a8f99a040d203e7,International Conference on Unmanned Aircraft Systems
a100464c3c581961a6a76092ee2d6418f813587d,"International Conference on Communications, Signal Processing, and their Applications"
a3c5a05f28a533292fd92f59bcfca365f4136d01,Proceedings of the International Scientific and Practical Conference “Digital agriculture - development strategy” (ISPC 2019)
a934f039fc0c630b23f978a5c2673c80d9d69f3c,Horticulture Research
ac9f4882278de0186b084c7468045485a560a6d6,Plants
b3560fe15db7131509189ca67643f98f877dbfba,Agropedology
b68166bcce806aabdf56b398db0da33024ab65c2,Global Internet of Things Summit
b6ff1b60c4610ddb76cdd4c1ff82663ce91abddd,International Journal of Molecular Sciences
cd50aa9128f186fb593dbea2c749254068fb440b,International Conference on Unmanned Aircraft Systems
cf25a8271b0e99ceb760d66272c2eaac9cd47151,IEEE Congress on Evolutionary Computation
d31d4cfb3b16d599ef659e06c538ff8f9e0d5cce,Swiss Conference on Data Science
d449f9b11c74b7c029f6b2176144578f276ccc59,Proceedings of the 6th International Conference on Management Science and Management Innovation (MSMI 2019)
d5caa3023df3030bbdcbeffd59d6ed50dd89e3d5,IEEE Wireless Power Transfer Conference
d5ecf4a995a6ec1a0c2fae684d706fbcc5b4ad34,European Conference on Artificial Intelligence
d8d1ccd86024d1e4d0e1bb6d4a81e0b50ab88b20,International Conference on Unmanned Aircraft Systems
dd8d272c43e01d2c9f7aacb5c014484a7077c73a,Proceedings of the International Scientific and Practical Conference “Digital agriculture - development strategy” (ISPC 2019)
e5b3353e00a15a18277012de42775f09c90c551f,International Symposium on Computers and Communications
e7d255eeefcc1f7d0568665d312c7dcdbfa447c1,IOP Conference Series: Materials Science and Engineering
e95b069306122e24317500dc6a4a3a6f98d9a938,Turkish J. Electr. Eng. Comput. Sci.
ee78f1943ca0096f71877a0c2ac0073b977738c1,"Annual IEEE Communications Society Conference on Sensor, Mesh and Ad Hoc Communications and Networks"
f1c33979786eebeb12ae2a7f7a42c25d65162bca,International Conference on Engineering of Modern Electric Systems
f26f6c2824706344de0a703702894bd7a04b3f3d,"Annual IEEE Communications Society Conference on Sensor, Mesh and Ad Hoc Communications and Networks"
f915ba532e1845499564a73240f62441d3b747a7,Chinese Control and Decision Conference
ede68d7864fd48d22c0dd441348cb283f7a3237a,2019 27th Mediterranean Conference on Control and Automation (MED)
037977b941956d1e9b8e59ce8d2b459167aa1ba0,"The International Archives of the Photogrammetry, Remote Sensing and Spatial Information Sciences"
d2ae65522ac50b7b68462f43e5774ff323c52421,Journal of Big Data
5bce6880aaab964c243f808267cd1156e07181b9,"The International Archives of the Photogrammetry, Remote Sensing and Spatial Information Sciences"
8f64e281d3b8b99cb76595ccdbcad03b1743a08d,"The International Archives of the Photogrammetry, Remote Sensing and Spatial Information Sciences"
0b5ed681cd85c93887cbd150268e7ad518a0fc02,Nanoscale Reports
56ca4be677870a7eeef8b104c7c822d04ad5dae4,Advances in Atmospheric Sciences
e42ff1326bfb237fe51242fef3283c1b10a736cd,Analytical and Bioanalytical Chemistry
07edebd60c4870d3414200fbd5137543de478348,J. Sensors
40e709c0586f09f0745449c058de8217ada78d38,International Conference on Unmanned Aircraft Systems
e17b5543199ff6fe660d57bed9d9cc9d4419894c,IOP Conference Series: Earth and Environment
7e5aaef34da48288fc900dc50b53ff837d80b635,"ACM SIGMOBILE International Conference on Mobile Systems, Applications, and Services"
b4ce1a98eaf9fb04e79abe5381f342dd6c066067,International Conference on Conceptual Structures
3a00aa9a28cd92f4475509256ed1d533eb7431ae,"G3: Genes, Genomes, Genetics"
8a3cc90086f7f9865f53bbcf02bc7c3f64c1c0d0,bioRxiv
3026af5c908b581a1351d23cbf0318d62c3ae93f,Swiss Conference on Data Science
51dcb42397116b19c1251236b1248bf5845f672e,IOP Conference Series: Materials Science and Engineering
934228973f149bf58b540d284c38eb2046bc59ee,Journal of Ambient Intelligence and Humanized Computing
bdeedbdd17af4adcc7569161cd069683d1d7f526,Microscopy research and technique (Print)
2a54b9288584ecc6f65625e2f9d7ed0a445372fd,Practical Applications of Agents and Multi-Agent Systems
7b6901941e0921cf93f49ee0a821c8144196db5c,IEEE Access
7f4fd9cd37b905d474d5a5751f777af5fc47006d,Protein & Cell
950c145a6a61a6ef94636a05730833cfb77c72d8,IOP Conference Series: Materials Science and Engineering
ad53ab46f784531b43ea6c75a6ff366e9fecdee2,Mexican Conference on Pattern Recognition
0309a6bd173aa85f245e995b39fcd4c98dba7cef,Annual International Computer Software and Applications Conference
0329771cd8dcf3de5a4ca7a972681367b24a300d,Computers and Electronics in Agriculture
049897f93f5a5cfdc3132176ac500a13af7af12f,NASA/ESA Conference on Adaptive Hardware and Systems
0abf7a03c96f493f513fcbd75ef53e67a18635ad,Phytochemical Analysis
0cf1ecdca330c304c6da1c6c3e4dce1ad96ad48f,IEEE International Joint Conference on Neural Network
0f2303fb46b45362e96de3740386d745b6eb1c22,Molecules
115efa55479cf2058231fb37aada38b5a78e5c72,Computers and Electronics in Agriculture
11b4a1286384b13aabea5e87ecb30af624dc38b7,International Conference on Information and Communicatiaon Technology
14b64f4378b5ba1b0736a4aa381e492369669837,Computers and Electronics in Agriculture
16bb64ff712644cd915830ca1f92f67b8a73c24a,Molecules
1f96f37b4a6811b58b15a1088de087a3734285a8,International Conference on Agro-Geoinformatics
219f146315fc3a6d97d4323e06656899f2824d45,IEEE International Geoscience and Remote Sensing Symposium
22591027b2a60e3b7a78da8ca685221d258c872f,Annual International Computer Software and Applications Conference
270c366ad38feba0fcab9e0a3291bfb92e03c4f9,2019 International Conference of Computer Science and Renewable Energies (ICCSRE)
2cb1fad1546476382726f78e0116a1ac28e74f56,IEEE International Geoscience and Remote Sensing Symposium
359368ec00cb7a70adc52f1137e9cbbee6d572b8,2019 1st International Conference on Advances in Information Technology (ICAIT)
3d653e9398e9cbbf7dad224344ea7ddbf916b229,International Conference on Computing Communication and Networking Technologies
460fe40f7e20078bfd055d99a6461f7b6eabd0ff,International Conference on Agro-Geoinformatics
46dfe41dc9a560a2feb02494141c094e474c9c32,"International Conference on Information, Intelligence, Systems and Applications"
61d2ea84e99e0b47fe6b02fb8b00dbd95feed84d,International Conference on Communication and Electronics Systems
6cbb899fe9db03e2e335ed3d3d6f8e74dce95d33,IEEE International Geoscience and Remote Sensing Symposium
6fe85b531d6788c78e2df417178b9cd3c013d18f,International Conference on Information Control Systems & Technologies
73a76c393ea3a4f7275c4ba0fd6a98fa54db0825,Agronomy Journal
76450af8aa068ed1ca550b75c2296494e62d580e,2019 27th Mediterranean Conference on Control and Automation (MED)
7c33bfbf41861c7b148baea222f84c5df265caf8,International Conference on Information Control Systems & Technologies
7e56ce15695aa75fab651eaca56e2325ff30f0b5,SoftwareX
824a1898e3bde3856b07e1cde2c64ca933e97e94,Italian National Conference on Sensors
91bbef508051a2656859c319d041def8f42d06b1,Annual International Computer Software and Applications Conference
9351c31b0a048ef0d1b4e48f71c12382f6a0e223,IEEE International Geoscience and Remote Sensing Symposium
9b1001b123d5bb5df3a02711865f29381772b646,Foodborne pathogens and disease
9bb16c78db15bd73d8d8ae96cc3984086a876316,2019 IEEE International Symposium on Antennas and Propagation and USNC-URSI Radio Science Meeting
9be4cecdf4b092fd062d845b9596b30008c5430b,IEEE International Geoscience and Remote Sensing Symposium
9e8b037292a0cff1094878088dc7673491d5077e,SoftwareX
a9d1a11e42eb2cc617d8cd2d1c04ae43061d69d8,IEEE International Geoscience and Remote Sensing Symposium
af36d45017e9b091ecfd97351f4803730b749c99,IEEE International Geoscience and Remote Sensing Symposium
b249a7b8489ef6cc2e1fcd65ed05d85b4cea9a34,IEEE International Geoscience and Remote Sensing Symposium
b416a218ebfc0e8e14d0061fcf0891bf6c35691f,IEEE International Geoscience and Remote Sensing Symposium
c4dda2b3eab810ae0d10a9fae56de16e0395fde4,"2019 3rd International Conference on Imaging, Signal Processing and Communication (ICISPC)"
cfa860e1b31643404dc6c2c1e43517cb087863a1,International Conference on Agro-Geoinformatics
ded30ea004ecc660d7265eb8eb42ad41051d5275,2019 1st International Conference on Advances in Information Technology (ICAIT)
e7e3779c5211921d411d85d7aefedeae82a15ecc,International Conference on Communication and Electronics Systems
f7773360495814354d19862ddf3d0d21a56fcb36,International Journal of Agricultural and Environmental Information Systems
5e49b54bd7e73aaabbf2f5d974b048ae18b19ab0,IOP Conference Series: Earth and Environment
1a4897b961d453d6580469a15b0bfdfe42876527,The Compass
6c04160cc630b786dccbbc0eaaf7e8f80f7fdc17,Towards Autonomous Robotic Systems
86addd9c39bcc420cbf5cfe70885c10b4e0d6a3a,Towards Autonomous Robotic Systems
c7a4177ff72ed726b9d1cadc8074afeada3a8b77,J. Sensors
65e1acb65d75a168446533523cd435855492cfc3,Precision Agriculture
8e5eae64515707f76013f75ed4ceebc347c864f5,Frontiers in Plant Science
e8a3ed1670ba9fa4a69013f3c1701df5faac0726,"International Conference on Industrial, Engineering and Other Applications of Applied Intelligent Systems"
bfa4529c8e5e506f87f1a3fb9ef9ab74876fe01b,International Joint Conference on Computer Science and Software Engineering
f6dd4785fda3dcd9efad28eeb4f7ab0858168476,IEEE Transactions on Geoscience and Remote Sensing
81b707bb807e51142d8e96ab55bdbd8b43ad73fb,International Conference on Space Optics
1c644dee5cede4db5ed173d17989463dc0e2440e,Annual Conference on Genetic and Evolutionary Computation
5bbbc6709d78fda3048be73cf4049754ed1b5d1f,ICC 2019 - 2019 IEEE International Conference on Communications (ICC)
8d3b9f764d42958f54bc09d46d4ae7c8d0d4f1ee,International Conference on Knowledge Management in Organizations
e701f5a47c4b97e03035fcc5ea5a25acc4e8c681,International Conference on Knowledge Management in Organizations
2ee59c256d0b13695d3fe9ef4f361a4747bc8b98,Remote Sensing
869f2ee7821cef98c0c059972246fe1ea1545c2c,International Conference on Agro-Geoinformatics
bccdee20e4bec044ac4f31b15f082ea956f88be2,International Conference on Agro-Geoinformatics
43ae7538b8c45b9505bbc70184a9a23ac43577c3,Frontiers in Plant Science
96c65928adb47a09744b05ff0df8fd90190b36fd,AAAI Conference on Artificial Intelligence
ac12a6100cbc34ea0e664e67226e2dc6a40f20cd,Remote Sensing
ac9bfe73c7256e09450269146a1109b00201867b,"International Conferences on Communications, Signal Processing, and Systems"
58b0df021f79fa32d916a1de047db9601eac0dc1,Journal of Agricultural & Food Information
7d1560608c3231509c63b53afa4d445c547dfb8e,Remote Sensing
b08f40a48919f60594cc2478f525fc6e6402a753,Journal of Environmental Quality
c6ef9f3f472eb62f6bee049ee74222ac619aaf95,J. Sensors
ce0dd8cafaab6a9f5b1eb5f34cb575db6949d7cd,Revista Internacional de Contaminación Ambiental
f4932c32982a9939a8ba8caa429e085110404012,International Journal for Research in Applied Science and Engineering Technology
07ce2a6f052b55563691e251b79ed5943dc56ad1,Euromicro Symposium on Digital Systems Design
0d29b304e78b324944d856467c4bf974335b2c0f,"2019 IEEE International Conference on Smart Instrumentation, Measurement and Application (ICSIMA)"
25b118a36fef29fdfe29f51fa717a305e0fbaae9,Euromicro Symposium on Digital Systems Design
289d825a02ff330f6651772ef7ca7fa851bf8e73,2019 IEEE 15th International Conference on Automation Science and Engineering (CASE)
2e846c8b3f54195b11880bbb4c71c3ffa6bfde97,2019 International Conference on Smart Grid and Electrical Automation (ICSGEA)
4af0bdfff7398f4b4b8d6a142fac7560aba106d1,Antioxidants
847cb3d770fecc6122f7a4abdbba77f4c5220779,"2019 IEEE Intl Conf on Dependable, Autonomic and Secure Computing, Intl Conf on Pervasive Intelligence and Computing, Intl Conf on Cloud and Big Data Computing, Intl Conf on Cyber Science and Technology Congress (DASC/PiCom/CBDCom/CyberSciTech)"
8cbe6cf1d9b66b9b3fdbf35aed932b65d0db20c3,International Conference on Crowd Science and Engineering
8dfb0920938776af5a56219f1f6176798c81416d,Remote Sensing
afe25128311594d9f9e8e6d950688f4b06729278,ICT s for Precision Agriculture
b19c473e3c39b755468ed04d8b87eb43434f52ae,Journal of Physics: Conference Series
b1ffe089ffb212860b9c5cd0880f36e4d0758519,IEEE Access
b8d8a08bbd2289eb14402f294ca0d815f116b9eb,Conference on Control Technology and Applications
cb29b5cd6c0bc73c4c122bc284ace53c9de68b33,"2019 3rd International Conference on Electronics, Materials Engineering & Nano-Technology (IEMENTech)"
d4c1b669d10a679ad71cab7ba539f48ce4b2f42f,Italian National Conference on Sensors
d9c808112bf630f5e03ba4d5f87abefd7dd50131,International Journal of Coal Science & Technology
dc14244ea29fcad2d8fb0d07f4670c04607570c8,ICT s for Precision Agriculture
fd640d9144078b9b210aebdddbce6eb6fb8865ab,2019 1st International Conference on Cybernetics and Intelligent System (ICORIS)
0ab31eac998079d62cf345fa07b98746cffde94b,ACM/IEEE International Conference on Mobile Computing and Networking
13624ebc9e3810a3e22981429ce661575f7ff27a,mSystems
466dc21c12102d4f26bb0348c93465a738011bb2,Aquaculture International
632527c1bd6e041c46e8179fefb7cd955b926c5d,MicrobiologyOpen
a804ef0b6c773e780c4067fb692df3854a48a164,International Conference on Intelligent Robotics and Applications
04cad3d865b574530ffcbe61f89393e73e01fb0a,Remote Sensing
5fb737134e2739125d26cf0ff57994e4aec51577,"VOLUME-8 ISSUE-10, AUGUST 2019, REGULAR ISSUE"
20c711a665154b3caaa73524f5f1e39a58a12fbb,J. Field Robotics
459fb34df48133ef56e9a035ec7bffa5f5a92dac,JMIR Research Protocols
ccbb73e2214e3edb9b7beac7aa27ce411e3bb6fc,Remote Sensing
5dde14de94f12469928c6f2d5fe33d005503f6ab,International Conference on Digital Image Processing
79a336868a073bc9766124cce090519b4f8c2230,J. Field Robotics
c400f2f4b570f8d82bd429d2799ff3ae7faa9e17,IEEE Access
2fefbf649b57478bdfd2b5d795ce6f728da5f5b0,IOP Conference Series: Materials Science and Engineering
d675d37495c37086c38e6d9e08f5cca69efa2630,The Journal of the Science of Food and Agriculture
f1c07c372ccb8b5ddc0e413ace57f61916ff34d7,IEEE/ASME International Conference on Mechatronic and Embedded Systems and Applications
5234508dc2e37878695f6694bba0c2aa162f021d,arXiv.org
421b1e1e6dd58aa815d6f5c512f294680eb14b8d,Remote Sensing
57256226c7387ecab74f2cb6208066560ac0e4e1,International Journal of Advanced Research in Computer Science
136548dd22a89c149762d6242148f356072b5c50,Annual review of nutrition
91449c4d40fe4fea3629c143ea4535b1479bfd7b,Zhongguo xue xi chong bing fang zhi za zhi = Chinese journal of schistosomiasis control
aa1bb0201dcf409eafd5862a0d30c68c02fca4e5,Plant Methods
dee8a52799e837c052ec184d84933d72e5215b5c,Applied Economics and Finance
6dbe3ed01a99b26b3dc5047f9942253aed9a3ab6,International Journal of Geographical Information Science
d239a0c24e5fd773efd895f5cacb855880985bda,Science
5f4be91a660669d3e45b997065301f4b84ee4aa5,Applied and Environmental Microbiology
835b28541b22283a8c53c0232fae1865a045645c,IOP Conference Series: Earth and Environment
83c1c2c4058d7cb79604d659885f5c2891499482,African Crop Science Journal
88f5dbe55c743c89820b237684a4486d3dd18885,IOP Conference Series: Earth and Environment
c0ece0110e8de1f7b44bea2affe658fdc05c14d4,IOP Conference Series: Earth and Environment
0de751a864f367579cc4c47556470d05e3352fdf,IEEE Communications Surveys and Tutorials
7df18ecaca29b7d56720208891b116c83ac3f7d1,International Conference on Mobile Web Information Systems
a15abbb54325b6a2decc22ea9a2c2a350455a609,"International Conferences on Vision, Image and Signal Processing"
cddb973142d093d247ba0628de216009f4f7bf65,Remote Sensing
7ff0b02fbe93d28085122576140e9247aeec4271,Frontiers in Plant Science
86ffb93888e26de856186e60dde13a54a265772c,Frontiers in Veterinary Science
f4d2320fd174abc86f4f6910f7597cf1bce65e44,The Journal of the Science of Food and Agriculture
4785b8196ebc4ba57bc46a87bddbdc7b9551259b,International Journal for Research in Applied Science and Engineering Technology
3512268ca9337da51a24ac809acc9c866875a6ef,Symposium on Dependable Autonomic and Secure Computing
3fcaed3145bc553c29b577a3506377add56da3d9,IOP Conference Series: Materials Science and Engineering
5b855b0c8cdc4a6d50735087fde598ee012ea7b0,Engenharia Agrícola
6be8fe6d1b57ffe08129ade583aba1b3cb96112d,Remote Sensing in Earth Systems Sciences
7fe8d127b7ac7a639d1b9b2f4369843bcef4f064,Italian National Conference on Sensors
82476f4cd74de4e837f58172ec9308307e71a96c,International Conference on Signal and Image Processing Applications
84fe90db0bd5daf0a44b22a1e35471130c43f093,International Conference on Information Systems and Computer Aided Education
89a0e2cd10cb7a670fd609d42c3bbf416522c307,IEEE Geoscience and Remote Sensing Magazine
953391d95baf557b6dc78caeed20e7ac666e789a,International Forum on Research and Technologies for Society and Industry Leveraging a better tomorrow
a156ea4fb64737236a01fc949a615067ed3c3fc7,International Conference on Intelligent Data Acquisition and Advanced Computing Systems: Technology and Applications
a929fae0aa33e5d311810db96c37bb7b3f988089,Italian National Conference on Sensors
ab58f2695fb05acaa33119533c7173742b508fa9,Italian National Conference on Sensors
ab85a921ca82b7d091898b0f4d0cfe023913c351,International Conference on Computing Communication Control and automation
af15288eccd9e4f93e8a6afdafab2cba8b12f7ac,Symposium on Dependable Autonomic and Secure Computing
b1141324cbb4acb4fed70d78b188430b43c76980,International Journal of Biosciences
b2f888f2fd9afd497ca8d184893694d84cff3d06,European Signal Processing Conference
c41b3e9f57988ed246f346b2cd3f0d49ad1a24f7,International Conference on Intelligent Data Acquisition and Advanced Computing Systems: Technology and Applications
ccff6dd824c9d185d836c40afcaf56d0a5a077d3,2019 3rd Conference on Vehicle Control and Intelligence (CVCI)
dffc14dc8c88ccbc229e92a1a9dd5e8a08a80fd6,IEEE Transactions on Big Data
e37ed8d222d140b7be822ab2cbbd3253e691d3e6,"International Conference on Software, Telecommunications and Computer Networks"
e3dd67510ced0a98588ac6e60c3224da93cc4aaf,International Congress on Information and Communication Technology
a7d373209d694ef30efc094e404343a96695754f,Animal Genetics
45088946941f1f3829733236924340bf2603e378,Portuguese Conference on Artificial Intelligence
8388f1259eb4556197e43236605f94e5aa5af964,Portuguese Conference on Artificial Intelligence
b7d157107cabcdb716bf643e86a1ec770cb471c5,International Conference on Computer Analysis of Images and Patterns
f0e29af0d40c69549572b620df96f8e095994a52,CAIP Workshops
1cfce8ea7e87d9de861a7e79ff6656c6cf2a2d2c,Botanica Marina
fbc943628933c9135d0b9807275dca516f7beab2,International Journal of Automation Technology
4d4d42653431766f4776bd5b69f7b88533d89468,IOP Conference Series: Earth and Environment
22f8d3ce4d58529826e6c0faeca3f50755dc611e,Analytical and Bioanalytical Chemistry
fb3918334ef231fd7ca17905e654f790c6548b89,International Conference on Image Analysis and Processing
1556cf8420ecc07bcaa7783c65b81eaa265818e5,Archives of Agriculture and Environmental Science
9aeceed46c85cf2b28a0e2273186f0718686b155,Annals of Internal Medicine
f39aaa138466a45fb467df2282c0eea9b59e81bc,International Journal of Innovative Technology and Exploring Engineering
249861c10aa87e6955d89b423587f1b6eae1b347,"Applications in Electronics Pervading Industry, Environment and Society"
b1d2b27397a1901a6bcc8f522d27c0384f8ba794,Wireless personal communications
14876580671e87358a9f55e31b6f903e85b36fde,"International Conference on Robotics, Intelligent Control and Artificial Intelligence"
50f35f9f20428f1551f1d8fd54f27d9e080862e4,International Conference on Virtual Storytelling
7403863bde02cadb4895ac6770128b4d306c87db,Working Conference on Virtual Enterprises
775c9ecdaa253383ab401abe0884e97d5fb970bf,International Conference on Virtual Storytelling
e04b6a47cf807411797294885427d68c9c67746f,Problems of Agricultural Economics
174a33870d43539e8309ebdf79bd46c4fcc18851,Italian National Conference on Sensors
78ed6b58bfed44b6ec13d24c7d7edd6ef5141c74,arXiv.org
d361647982b8348ab1b2ccb418b569f3d7a94166,Environmental Reports
db73815d1100ffe28c05456605cf61119784d2a4,Journal of Supercomputing
54dc966362fac3da5388f575451f6209a2365ee4,IEEE International Conference on Robotics and Automation
afe4eaac603735d2affbb89303e079790ea785eb,Italian Journal of Agronomy
0beb082f63d740b0b12fed0694222588772588e9,"IEEE International Conference on Systems, Man and Cybernetics"
0d12f67a5e361d623e32bcde325a36b8dd4d7d09,2019 IEEE 5th International Conference Actual Problems of Unmanned Aerial Vehicles Developments (APUAVD)
0e842a6af9dd6f2d813bdc73e0ed75d2a6f7f869,"International Conference on Internet of Things: Systems, Management and Security"
1a85f47e7b0e4c66ff29be89d8328e33f6e0b805,Plant Biotechnology Reports
273d3f3bbc07120c895a87d5df378ff233e5b1b7,International Journal of Environmental Research and Public Health
2d5d5d58b014bb64d3d4b6a50e6efda27a99bc01,International Conference on Intelligent Computing
2df460ebb97420c090427e2446b811d074c6ce94,European Radar Conference
31262e82e80311aa6c81258c6b8b0dffd98d2fc0,Machine Vision and Navigation
31306cd440e5dfe2c8154d2c1ae13e40d152294b,European Microwave Conference
31d0863ae6750ed299573d54fe947369420d017d,"International Conference on Computer, Control, Informatics and its Applications"
377e43936480b18b0636fa357ed61a6ddf87aaa9,Global Conference on Consumer Electronics
59ed96730f66753f9b07d68706a8aad98cc1b82e,International Conference on Developments in eSystems Engineering
5bfc986fb099f32e1aafc44b3ef14d18465278ee,2019 IEEE 16th International Conference on Smart Cities: Improving Quality of Life Using ICT & IoT and AI (HONET-ICT)
5cf1ab8f8b7d9c486983cc839cb56a66f7c54161,Latin American Robotics Symposium
61f7db38357541217c221a326fee813bd7241266,IOP Conference Series: Materials Science and Engineering
629e263c000375ec9ed46a777fafc09d07166269,"2019 7th International Engineering, Sciences and Technology Conference (IESTEC)"
9c8aefcc66f62c0ceaa177287f227ddc536e51f6,International Conference on Optoelectronics and Microelectronics
9ea5c6b5ea7a0ed8ac72699346a072c6e69e7d3b,"International Conference on Internet of Things: Systems, Management and Security"
b44312dae11316a27beeeb14db3dc1e61559c022,"Ubiquitous Computing, Electronics & Mobile Communication Conference"
b8ecf50ea4aaae15bc5e8c2d5b219a130e233937,Italian National Conference on Sensors
c71945c5d1d421642b0acfd8db50257839758e94,"International Conference on Internet of Things: Systems, Management and Security"
cf39b23acdc61705f74b62f6d70d24947f1c440a,Archaeological and Anthropological Sciences
eee4a369b1c109fde6edc1ad1b5f85fb40e3fa91,"Proceedings of MOL2NET 2019, International Conference on Multidisciplinary Sciences, 5th edition"
02319ec3fafbe141df42a522b1c2eabda500d495,IOP Conference Series: Earth and Environment
501b115f38d069374126000a1af1d4bc83e6228e,Agronomy
56c7f8ff241037fad7aeffec37324065131ae702,Remote Sensing
04d0203db4332cc91a73e1008f1db762c7eacd2c,Global Climate Change and Environmental Policy
6ccdb7dcb484241c85648bd948a07f612375b6aa,China Conference on Wireless Sensor Networks
b13c7871ae4f5e686a3543e3a3b8af78bc18465d,Remote Sensing
5cd819f4bbb88ce3d49a61cada35fd1a00e800cf,Management Research: Journal of the Iberoamerican Academy of Management
ab24443afa8bdf1d7b10817a1d02f0a6ba316658,Remote Sensing
3565353e09a77d68b8f6aab210cc2cd785199318,Int. J. Distributed Sens. Networks
075c17bffc61a115dc50e9f0d8ef0a8812994a42,Journal of Experimental Agriculture International
14b59491d8b988692c8615c32ab1bd65cd641f64,"International Conference on Internet of Things, Big Data and Security"
330e0badae8d6aa773bef2e5ad497aed7437118f,Topical Conference on Antennas and Propagation in Wireless Communications
76323475d0bea30aba464c27ce6a44e62dae1933,Remote Sensing
ae74242649b941ec8a343de52a6ea7f4d0a82c17,Remote Sensing
cf0d84f1b63738c667f0c09efddc3880dcbbb60e,"International Conference on Internet of Things, Big Data and Security"
aac22ec39c82c7367d7e4cc9b3c165093479dbd7,Journal of Intelligent & Fuzzy Systems
7fc4dcc3878eccf4abaa11784b5251b5e24ead64,Remote Sensing
9381e56a16a2bcea6137e9344581aeba6a6c437d,IOP Conference Series: Materials Science and Engineering
bb3783baf9a6c7852074047eba66e30970074759,IEEE Transactions on Vehicular Technology
c930c7b34ef70196d2aaa5c514056f6f2650758b,Agriculture
40364575086006638bcfb85d8350e0b644c631e3,IOP Conference Series: Earth and Environment
ac01da528e32e530dd26a8caae9295c935a651d1,IOP Conference Series: Earth and Environment
ce99ae48c19fb5ca3e982bc6f132fe501848024e,"Advances and Applications in Computer Science, Electronics and Industrial Engineering"
44f9df02405d826eb67c8f4a8d6a86c74fd4c041,Eä
b9569b5232721b665e3b1795995052e003fd2e23,Brazilian Symposium on Multimedia and the Web
4b83e88a27e0b6b636d7dd6321287b9c1a98cb14,International Journal of Communication Systems
40c61515636b27b34263dc625ac2e12978299463,IFIP Internet of Things
51c8138e8a9685176345d57523e4c5fa6c4ba43d,Remote Sensing
195bb9f5cfbf3cfa64765dea7b272bdfccb0911c,Toxins
1f24e53859238714a7070154df7e0e50069119ca,International Conference on Image Processing Theory Tools and Applications
205398a9bf14fc65f87b9799f40b0d55774360ce,"International Conference on Electronics, Circuits, and Systems"
2526e066a63d704f74ec4d7c517ea43f6fa8f6d2,Conference of the Open Innovations Association
2ec5f0a71ffab30cf4a252de4733aecd6aea1768,The Journal of the Science of Food and Agriculture
59ff6362736e229fe4220f047fa3135563b0d25e,Annual Review of Resource Economics
6c0be22adbfea10e6e0513c7ddeff50c654b8830,Italian National Conference on Sensors
7cfc18e81a7eca4ac413b2c77653e6dcb949ad69,Italian National Conference on Sensors
85f144836933d0337ff1234b9cfe2df9bd9474cf,Animals
88f2f9813c78c3ffb5a56bb0af58818c8e9fafa0,Animals
a0f611cd314b96dee26f775689475c60528950b0,IEEE International Conference on Electronic Measurement & Instruments
a86b46c5fb76681ecad9bb2bdc10d8eea4eddfbd,Latin American Conference on Computational Intelligence
ac55855950d3f8aabbc127edc36dc54e713de465,2019 International Conference on Smart Systems and Inventive Technology (ICSSIT)
b95b8e470a688395f51abf2e2d193f9ade215fcb,Journal of Physics: Conference Series
ba74987cb8c6708e1fe5369401a47755a8f21962,International Conference on Mobile Computing and Ubiquitous Networking
bc6cf8d81831afd2298400386b7f267041975f5d,Scientific Reports
bd4be648b1de773f27050c88e85f47370df3c3bb,2019 Women Institute of Technology Conference on Electrical and Computer Engineering (WITCON ECE)
cd05c260ad096a6eb0b99ce136d828260999b33e,Journal of Physics: Conference Series
cf1e24a256c62227d736bd81095e864a595142d0,International Conference on Computer Vision and Image Processing
d1576d1b50d862dbae78765bbf5d7b1e6411408b,2019 Sixth International Conference on Aerospace Science and Engineering (ICASE)
d9bdc34447ec7184537bed78de60341949d81df9,Brazilian Symposium on Computing System Engineering
da405bbdcca9b1ca48db075416813f74482ea04a,International Conference on Intelligent Information Processing
df5ce4fe26eaebc8f9caab9740c566366e8d6687,Latin-American Symposium on Dependable Computing
dfbd91d9dd07baef2e4d1dcbf40327762505bc84,Conference on Design of Circuits and Integrated Systems
e7f63f8d596925c3bd860d71b17d161cfe332c33,International Conference on Robot Intelligence Technology and Applications
685760667e3c75f59bc4726911ef1c39e63530a5,2019 IEEE International Workshop on Metrology for Agriculture and Forestry (MetroAgriFor)
